WesselBaden;f_pilla
WesselBaden;f_pilla
GonzalezBernat;Aidaespanol
ConorFKGibson;f_pilla
ProjektRoadkill;CSAustria
Jaguerlatino;Dejusticia
LaDasein;Aidaespanol
C6AN9CER;Roosters_World
C6AN9CER;Roosters_World
TeraLepido;Roosters_World
vetenskapoallm;MatSwyng
vetenskapoallm;MatSwyng
milenioheraldo;teknahi
milenioheraldo;teknahi
diemauerthewall;kino_ddr
diemauerthewall;kino_ddr
BZgeo;Aidaespanol
ireydawta;Roosters_World
JamaicanLabrat;Roosters_World
AnimatorsPal;OxReach
AnimatorsPal;OxReach
MissTanyaMarie;Roosters_World
piratengetweete;MWNautilus
piratengetweete;MWNautilus
DigtalHumanatee;ReneSmolarski
biblioUPM;La_UPM
biblioUPM;La_UPM
DigtalHumanatee;dominikhhh
DianaMarieta;Aidaespanol
la_lioness;mitforschen
la_lioness;mitforschen
mfnberlin;wissimdialog
mfnberlin;wissimdialog
JuliaBrazolim;kruksandor
EPACatchments;CitieSHealthEU
EPACatchments;CitieSHealthEU
StabiHH;m_munke
StabiHH;m_munke
StabiHH;m_munke
biblioUPM;La_UPM
biblioUPM;La_UPM
sarkawt_hama;GuildfordLL
sarkawt_hama;GuildfordLL
textundblog;m_munke
textundblog;m_munke
dazientziat;biook_org
Papik_genovesi;ISPRA_Press
penguin_watch;OxReach
dresden_forscht;SLUBdresden
CitSciMonth;SciStarter
AparaNoble;BB
transcribathon;m_munke
GreenDATA_OU;herodotouc
GreenDATA_OU;herodotouc
WTBridget;WT_JGarforth
WTBridget;WT_JGarforth
TUBerlin;wissimdialog
TUBerlin;wissimdialog
doggypicks;natalieben
lizmallard;natalieben
lizmallard;natalieben
anna_pean;radiocampus
anna_pean;radiocampus
jacobsherson;videnskabdk
"ccferri
e";BetterEnnis
ccferrie;BetterEnnis
JepsonicPaul;UK_CEH
JepsonicPaul;UK_CEH
fluff_space;kruksandor
johnSNOWMTAINER;c_degrees
DalyRutland;natalieben
66666666Okan;SciMelb
BasilReid6;Roosters_World
Macomabalthica;NovaInnovation
Macomabalthica;NovaInnovation
DNThomas01;NovaInnovation
jane__eden;c_degrees
EnergyreferralX;c_degrees
RProplayas;playascorp
SpartaGad;Roosters_World
KatieMortimerJ1;CardiffCurator
KatieMortimerJ1;CardiffCurator
ucddublin;f_pilla
ucddublin;f_pilla
VdAKluttig;m_munke
rioarzobispo;AndresR_
VdAKluttig;m_munke
RRITools;EUCitSciProject
dlrcycling;f_pilla
dlrcycling;f_pilla
iSCAPEproject;f_pilla
imagine_garden;NovaInnovation
prellmartin;kino_ddr
Katherwager;ColombeWarin
Katherwager;ColombeWarin
DynamicCoasts;MontroseSnap
DynamicCoasts;MontroseSnap
zoey_landry;palaeoeco
AineMoore1;f_pilla
SpatialDynamics;f_pilla
SpatialDynamics;f_pilla
ie_oal;f_pilla
ie_oal;f_pilla
IscapeLl;f_pilla
prellmartin;m_munke
Brigidomorpha;palaeoeco
InspectionCan;bug_beastie
DublinWecount;f_pilla
anmolter;f_pilla
anmolter;f_pilla
deanmuungani;ASD_INRAE
MikeMcKillen;f_pilla
MikeMcKillen;f_pilla
VictoriaArbour;palaeoeco
darcy_shapiro;palaeoeco
FFHistorians;m_munke
FFHistorians;m_munke
JDaviesHeritage;climate_history
JDaviesHeritage;climate_history
10Things_ToKnow;f_pilla
10Things_ToKnow;f_pilla
HayesEnda;f_pilla
HayesEnda;f_pilla
niscratz;f_pilla
FlaviaStrani;palaeoeco
DanBrown26;raphaels7
MiticMarija_;_CitizenScience
MiticMarija_;_CitizenScience
ProfAlanJenkins;UK_CEH
f_heigl;ColombeWarin
Paraic_Carroll;f_pilla
Paraic_Carroll;f_pilla
schreiberreich;m_munke
schreiberreich;m_munke
BSDGURU;samenmeten
BSDGURU;samenmeten
AchtungH;pythonmeister
UCDEnvPolicy;f_pilla
UCDEnvPolicy;f_pilla
gsciencelady;palaeoeco
gsciencelady;palaeoeco
Evo_Explorer;palaeoeco
HereBeSpiders11;palaeoeco
LaurenceJonesES;UK_CEH
LaurenceJonesES;UK_CEH
MTAguado;wissimdialog
LisaMuseum;SelfDig
MTAguado;CardiffCurator
LorraineFitzsim;f_pilla
LorraineFitzsim;f_pilla
HADL2015;marckuchner
stem_ai;stempunksau
stem_ai;stempunksau
YungEnChee1;Ottercivet
sushecker;mitforschen
broomstick33;NatureMapr
sushecker;mitforschen
damien_aldridge;stempunksau
La_U_Re_N;theAGU
UMR_GABI;lemoulon
UMR_GABI;lemoulon
epuujee;andrinaeuropa
Franomusik;Roosters_World
OutbackEco;terngirl
DublinWecount;andrinaeuropa
bexxmodd;andrinaeuropa
f_pilla;andrinaeuropa
S_VoigtHeucke;innovatearth
S_VoigtHeucke;innovatearth
f_pilla;connect_ie
BelenDaza69;mitforschen
BelenDaza69;mitforschen
ForoCILAC;unescomvdo
CMRobillard;palaeoeco
iSCAPEproject;andrinaeuropa
deathdater;andrinaeuropa
deathdater;niamhmcherry
"ep
uujee";niamhmcherry
haltaq;terngirl
SpatialDynamics;connect_ie
SpatialDynamics;connect_ie
SpatialDynamics;andrinaeuropa
SpatialDynamics;andrinaeuropa
ie_oal;connect_ie
ie_oal;connect_ie
ie_oal;andrinaeuropa
ie_oal;andrinaeuropa
IscapeLl;connect_ie
IscapeLl;andrinaeuropa
lscarff;connect_ie
lscarff;connect_ie
iSCAPEproject;connect_ie
DublinWecount;connect_ie
__Vorfreude_;Roosters_World
Nathan_Gautrey;OxReach
waterkeepermark;swimguide
"janesonray
ne";swimguide
minxymora;MadarIIIFrance
minxymora;MadarIIIFrance
EnergyreferralX;c_degrees
bymattkelly;ManuSaunders
Jo_Barnes;ManuSaunders
johnSNOWMTAINER;c_degrees
NCSUDrFlores;palaeoeco
Sofia__Moreira;gena_fernandes
Sofia__Moreira;gena_fernandes
bushbark;MozzieMonitors
bushbark;MozzieMonitors
OutbackEco;ManuSaunders
OutbackEco;Prof_TurtleAU
ShavWaltersS;Roosters_World
RobinTrayler;palaeoeco
amandaacardoso1;palaeoeco
mixotrophe;hhillebr1
ucfagls;hhillebr1
octavioemotta;vncindia
paleovert;vncindia
L_ssar;vncindia
MarySagatelova;palaeoeco
CollinVanBuren;palaeoeco
nora1710;BobBrownFndn
DrewPbutBgone;BobBrownFndn
DNThomas01;hhillebr1
"RevolutionP
i";BobBrownFndn
DrusiMegget;BobBrownFndn
FabianZSI;ReinforceEU
FabianZSI;ReinforceEU
sushecker;innovatearth
gregoire_burge;lemoulon
realdamdiv;BobBrownFndn
ProtectingTerra;BobBrownFndn
CitSci_Geek;GSBioblitz
CitSciOZ;GSBioblitz
KORINAUfU;AngelaMoles1
lCarrilloRamiro;osantossopena
rhiannoncahill;BobBrownFndn
hsauquet_rbgsyd;callaghanct
Proximius;vncindia
Anett77Richter;AngelaMoles1
pm_burns;UK_CEH
_EBCC;Vogelwarte_scie
epuujee;Vogelwarte_scie
LinsClarkmead;UCCi_UPCT
LinsClarkmead;UCCi_UPCT
PradhyumanSind1;vncindia
PradhyumanSind1;vncindia
Weiss_Cordula;wissimdialog
Weiss_Cordula;wissimdialog
fmasseglia;Inria
fmasseglia;Inria
SAOCousins;AngelaMoles1
aishling_hyland;f_pilla
AntheaMilnes;UK_CEH
AntheaMilnes;UK_CEH
raspishake;re9a7
6bis15Zeichen;kruksandor
jupanago;callaghanct
LaetitiaOucher1;lcapdeville1
JHH__;BobBrownFndn
OpenSciTalk;neuronc_lab
HWConflict;AngelaMoles1
chabis_ch;mitforschen
VolcanoWatching;re9a7
VolcanoWatching;re9a7
adele_erlichman;callaghanct
adele_erlichman;callaghanct
MSCActions;CSAustria
AtlasLO;samenmeten
CSEOLab;CitSciAssoc
CSEOLab;CitSciAssoc
VetmeduniVienna;CSAustria
frieke72;samenmeten
frieke72;samenmeten
Sci4allVienna;CSAustria
Sci4allVienna;CSAustria
kare_koala;BobBrownFndn
CristianMarcha9;gena_fernandes
CristianMarcha9;gena_fernandes
sharpernight;MarcheNews
jnharkeraus;BobBrownFndn
VolcanoWatching;L_Fallou
VolcanoWatching;L_Fallou
Cos4Cloud;CitSciAssoc
vetenskapoallm;ScienceFR_SE
vetenskapoallm;ScienceFR_SE
seismolucy;L_Fallou
LandscBiodivUT;callaghanct
LandscBiodivUT;callaghanct
LastQuake;L_Fallou
LastQuake;L_Fallou
UCDEarth;paulaplanruss
UCDEarth;paulaplanruss
ACDH_OeAW;sfb_dioe
ACDH_OeAW;sfb_dioe
gezondverkeer;samenmeten
gezondverkeer;samenmeten
UKCEHPapers;UK_CEH
UKCEHPapers;UK_CEH
UCD_Research;paulaplanruss
UCD_Research;WecountH
ecology_tweets;AnaEE_EU
L_Fallou;GeoSIG_Ltd
EuCitSci;CREAF_ecologia
epuujee;IWMI_
EuCitSci;CSAustria
of_snp;EO_OPEN_SCIENCE
tilly64;BobBrownFndn
OpenLitterMap;JamesRSKay
QUBIGFS;FI_QUB
QUBIGFS;FI_QUB
WTBridget;WT_JGarforth
WTBridget;WT_JGarforth
heenrik;videnskabdk
heenrik;videnskabdk
QUBbioscience;FI_QUB
QUBbioscience;FI_QUB
psacra;EO_OPEN_SCIENCE
Patrice_Science;AngelaMoles1
Scieducation1;paulaplanruss
dogcentury;BobBrownFndn
ACCC_;CitieSHealthEU
ACCC_;CitieSHealthEU
SDGsbot;CitieSHealthEU
trendsinAI;EO_OPEN_SCIENCE
GalacTR0N;NASASun
adrisoacha;CREAF_ecologia
5Vig;ISPRA_Press
kcarruthers;BobBrownFndn
johandewittNL;goetgevonden
johandewittNL;goetgevonden
xoco_shinbrot;callaghanct
epuujee;callaghanct
NinaLamal;goetgevonden
Karmageddon67;BobBrownFndn
LandSense;CREAF_ecologia
enviroCar_org;FiveTwoN
enviroCar_org;FiveTwoN
WildParakeetsUK;WT_JGarforth
WildParakeetsUK;WT_JGarforth
HuygensFamilie;goetgevonden
Billekeingrid;GeoSIG_Ltd
QUBEngagement;FI_QUB
QUBEngagement;FI_QUB
fme_muir;DocHarleyMD
fme_muir;DocHarleyMD
DrLauraMcGowan;QUBIGFS
DrLauraMcGowan;QUBIGFS
CitSciMonth;DiscoverMag
Irridium15;DiscoverMag
helenrussell32;paulaplanruss
BrentEwers;WyoBio
ptcnsw;mshepherd11
AlienAlien117;swimguide
indramaharjan;swimguide
joctibeet;Leti_Campos_
DianutaVB;Aidaespanol
Spiczynski;swimguide
openscience;Leti_Campos_
egabiola;Leti_Campos_
Ottercivet;YungEnChee1
epuujee;DanielCapis
patrick_kuehner;DaveKeto
MaireCoyle;f_pilla
MaireCoyle;f_pilla
aus_herp;Prof_TurtleAU
calupagis;NOAANSSL
PolishPaleo;palaeoeco
ProfGeo100;NOAANSSL
AnalyticalEdge;YungEnChee1
CrimsonFethr1;ManuSaunders
thehxpress;andrinaeuropa
WildforestSue;DiscoverMag
jillfnugent;ManuSaunders
AndreaKGrover;jillfnugent
nibbleshift;MadarIIIFrance
imagine_garden;c_degrees
DianaF1080;ManuSaunders
YungEnChee1;tasbiophiliac
FreshFishMurd;JohanneGarvey
ZitaFewster;terngirl
DrAfro71;citizenscilab
terryagates;palaeoeco
epuujee;AngelaMoles1
DavidEvans_ROM;palaeoeco
meagainOZ;BobBrownFndn
JrehnJ;BobBrownFndn
GrupoChelonia;GSBioblitz
claudia_schipp;GSBioblitz
vjmahon;BobBrownFndn
PaulHenry524;BobBrownFndn
BainesAE;palaeoeco
broomstick33;BobBrownFndn
_Crocodiles;vncindia
PeachT17;vncindia
taximanF100;BobBrownFndn
Prof_TurtleAU;Prof_TurtleAU
epuujee;rubyecology
DaveMUnderwood;BobBrownFndn
MWhalan;BobBrownFndn
Jennfirn;callaghanct
deathdater;callaghanct
epuujee;callaghanct
NielsRaes;GSBioblitz
NielsRaes;GSBioblitz
SciStarter;DiscoverMag
Jo_Barnes;DiscoverMag
ecology_tweets;thesfs_Aus
epuujee;iristorm
DocHarleyMD;MontroseSnap
30daymap_tweets;evelynuuemaa
JeffOllerton;AngelaMoles1
JeffOllerton;callaghanct
hocking_c;BobBrownFndn
felucy64;EPACatchments
JVeritas5;DiscoverMag
StunEdgeYRC;Roosters_World
jcudden;connect_ie
jcudden;connect_ie
newton_kwasi;evelynuuemaa
RebeccaLAnders;DiscoverMag
sixfo_grp;Vogelwarte_scie
Nobbys_Wizz;MapMyEnv
Aitch_El;BobBrownFndn
bencourtice;BobBrownFndn
WesleyFlannery;hhillebr1
WesleyFlannery;hhillebr1
ucddublin;WecountH
ucddublin;WecountH
LordElend;wissimdialog
LordElend;wissimdialog
G_OCeans;hhillebr1
kateumbers;ManuSaunders
spacepasty;mitforschen
spacepasty;mitforschen
Kevinrnorris;NovaInnovation
Kevinrnorris;NovaInnovation
DrRJWarren;SAOCousins
ecology_tweets;SAOCousins
dazientziat;biook_org
VPH_Vetmeduni;CSAustria
VPH_Vetmeduni;CSAustria
epuujee;ovus00
KaroliinaAinge;evelynuuemaa
britt__mitchell;callaghanct
elinamantyla;BCastagneyrol
elinamantyla;BCastagneyrol
epuujee;InspiringNsw
epuujee;InspiringNsw
kajarkase;evelynuuemaa
kajarkase;evelynuuemaa
gteasts;BobBrownFndn
HaveYouFoundOu1;GeoSIG_Ltd
spacepasty;innovatearth
spacepasty;innovatearth
llThingsCitizen;InspiringNsw
SesokoVe;f_pilla
epuujee;karl_eckert
LastQuake;GeoSIG_Ltd
LastQuake;GeoSIG_Ltd
RemcoKroeze2;samenmeten
jinyo_anri;GeoSIG_Ltd
SusanJa39395818;BobBrownFndn
Cassubiethierry;lcapdeville1
Cassubiethierry;lcapdeville1
QUBstaff;CPH_QUB
QUBstaff;CPH_QUB
herodotouc;OU_WELS
herodotouc;OU_WELS
QUBCCE;CPH_QUB
QUBCCE;CPH_QUB
robinhutch18;callaghanct
OpenSciTalk;OIS_Center
ModLangs_QUB;CPH_QUB
ModLangs_QUB;CPH_QUB
HumphreyJE_;AngelaMoles1
ETSIDI_UPM;otri_upm
ETSIDI_UPM;otri_upm
KORINAUfU;mitforschen
c_bennett95;BobBrownFndn
QUBbioscience;CPH_QUB
QUBbioscience;CPH_QUB
citsciDK;videnskabdk
citsciDK;videnskabdk
stansw;DrEggAdventures
CitieSHealthEU;CREAF_ecologia
CitieSHealthEU;CREAF_ecologia
u_hardy;BobBrownFndn
Blisnak;durkrow
Blisnak;durkrow
phenologists;WT_JGarforth
IngeniousChi;CrowdWeek
lukubyebenemma1;MercyGloriaA1
AtrapU;MercyGloriaA1
Aidaespanol;danielbernalb
danielbernalb;Aidaespanol
biblioUPM;otri_upm
biblioUPM;otri_upm
MBL2;BBS_birds
MBL2;BBS_birds
g_coudray;fsc_infos
g_coudray;fsc_infos
biblioUPM;otri_upm
biblioUPM;otri_upm
ProjektRoadkill;CSAustria
DavidKelleghan;f_pilla
DavidKelleghan;f_pilla
AnnaRoylston;fsc_infos
Gwendal_Restoux;MaudTenaillon
Gwendal_Restoux;MaudTenaillon
Ivanov_Pineda;Aidaespanol
PrintDiplomacy;goetgevonden
PrintDiplomacy;goetgevonden
ECOWARRIORSS;BobBrownFndn
Aramzede;BobBrownFndn
IrelandWales;ecostructure_
DocClaireP;IseaOrg
evonwetto;pulses_increase
amydoz;ecostructure_
amydoz;ecostructure_
urp2020;Anett77Richter
urp2020;Anett77Richter
Dr_Joe_Roberts;BCastagneyrol
Dr_Joe_Roberts;BCastagneyrol
Joe_Ecology;SJC_fishy
Cianjo_AA;ecostructure_
Cianjo_AA;ecostructure_
InfoSchoolSheff;ovus00
InfoSchoolSheff;ovus00
Daniell95557833;jufa
c_thevignot;TRANSFORM_eu
c_thevignot;TRANSFORM_eu
JeroenKoerten;goetgevonden
JeroenKoerten;goetgevonden
ArsElectronica;caissarl
ArsElectronica;caissarl
AtSeismo;raspishake
qubscreen;CPH_QUB
qubscreen;CPH_QUB
santiago_ecofiz;AngelaMoles1
lawrensack;AngelaMoles1
PeterSoroye;SJC_fishy
marcgeddes;skape_ed
marcgeddes;skape_ed
FBhairav;vncindia
orlapeach;ecostructure_
orlapeach;ecostructure_
fjbarbosae;AUSenseDK
fjbarbosae;AUSenseDK
sandersiim;evelynuuemaa
sandersiim;evelynuuemaa
OpenSciTalk;ORION_opensci
CRVanPollard;evelynuuemaa
AppliedHist;TanyaEvans14
GeoVisUT;ITCAlumni
GeoVisUT;ITCAlumni
lcby;BBS_birds
NewtonUlhoa;AngelaMoles1
epuujee;AngelaMoles1
GOFAIRofficial;jan2m
systemagie;R_OT
systemagie;R_OT
epuujee;EBTSOYP
IoeResearch;SouteiroDias
IoeResearch;SouteiroDias
Javaraptor;esbriolat
Javaraptor;esbriolat
simonhodson99;jan2m
simonhodson99;jan2m
Jeamille24;GregoireDubois
AirQual_EMR;samenmeten
ecology_tweets;GregoireDubois
ClaraUndata;adria_baucells
ClaraUndata;adria_baucells
mlb5555ed;kazcustard
mlb5555ed;kazcustard
EU_ScienceHub;GregoireDubois
mhaklay;lecturerswb
mhaklay;lecturerswb
troyamdct;ecostructure_
troyamdct;ecostructure_
AasaRaiko;evelynuuemaa
PatyshaSC;GregoireDubois
earthtonadina;f_pilla
earthtonadina;f_pilla
Bearandlapor;RSPB_Learning
gilliangodsell;GSBioblitz
frankstaudinger;m_munke
EmiljanoZhuleku;L_Fallou
anna_pean;radiocampus
anna_pean;radiocampus
AdelaideDura;GregoireDubois
_open_science_;GSBioblitz
OpenSciTalk;GSBioblitz
VdAKluttig;m_munke
EngagingEnviro1;mhaklay
EngagingEnviro1;mhaklay
elinamantyla;AngelaMoles1
elinamantyla;AngelaMoles1
mhaklay;TKaarsted
mhaklay;TKaarsted
sequencefree;HayesEnda
sequencefree;HayesEnda
LineMielby;AUSenseDK
LineMielby;AUSenseDK
TweetleDee2b;GeoSIG_Ltd
TweetleDee2b;L_Fallou
stefvegro;marijnvdv78
CLM_GEOGRAFIA;MParticipativo
fabe147gta;UWCIMSS
dwade575;UWCIMSS
WillemvOranjeNL;goetgevonden
Discloser1;UWCIMSS
AnneKOvergaard;TKaarsted
AnneKOvergaard;TKaarsted
msandstr;jan2m
msandstr;jan2m
MichelLandau;pmichelu
TamithaSkov;UWCIMSS
TheBigShip;BobBrownFndn
weswimwild;Dai_Sport_
weswimwild;Dai_Sport_
La_U_Re_N;amambo6
sushecker;_CitizenScience
DrRebeccaO;BobBrownFndn
mineputsi;evelynuuemaa
Graham_Thomas;Dai_Sport_
Sue_Mallender;WollatonHall
Sue_Mallender;WollatonHall
patmorton;WollatonHall
HollieLane1999;WollatonHall
GijsjanB;goetgevonden
GijsjanB;goetgevonden
antechinus1;BobBrownFndn
bentregenna;GregoireDubois
bentregenna;GregoireDubois
EnviroManawatu;PlasticPolChal
epuujee;PlasticPolChal
heatherlauld;SJC_fishy
IsabelT67091930;hoyweghen_i
PeterSoroye;jamesepaterson
epuujee;jamesepaterson
Reichman_Lab;callaghanct
Anett77Richter;GregoireDubois
osantossopena;ETSIDI_UPM
osantossopena;ETSIDI_UPM
GreenKoalaJill;BobBrownFndn
scifantasy;tiffanycli
oregakitaworld;DiscoverMag
prellmartin;dominikhhh
toriKh;tiffanycli
astrogenomics;jgi
f_heigl;EUScienceInnov
cfe_FLOWerLab;callaghanct
cfe_FLOWerLab;callaghanct
VamosFueguinos;Kauyeken
phlipvids;citizensGBR
AlejandroSig;Kauyeken
FavetUchile;Kauyeken
roosakutt;evelynuuemaa
janeofgosford;BobBrownFndn
marinetheotisse;GregoireDubois
trendsinAI;GregoireDubois
mrchristian99;TKaarsted
mrchristian99;TKaarsted
MagdaVoltolini;Linkinnov_FR
MagdaVoltolini;Linkinnov_FR
ginniasa2020;Kauyeken
ceh150;GaryM
Mustafaakata;kazcustard
AidinNiamir;marijnvdv78
AidinNiamir;marijnvdv78
GrupoChelonia;GSBioblitz
AarontheEcolog;AngelaMoles1
PaLuMaBu_10;Aidaespanol
G_Simonetti;Kauyeken
jennmercerFE;tiffanycli
zaspiak;Kauyeken
benaboki;marijnvdv78
raultoran;CREAF_ecologia
raultoran;CREAF_ecologia
ecology_tweets;delamoxavi
aussie4real;BobBrownFndn
epuujee;delamoxavi
JoHenrich;LabHecht
pauldcotter;Francy0870
pauldcotter;Francy0870
samuelmehr;LabHecht
GaryM;GaryM
Cassandra7e;WEN_MONTANA
Cassandra7e;WEN_MONTANA
CitSciWA;DiscoverMag
Pharmabiotic;Francy0870
Pharmabiotic;Francy0870
stansw;mshepherd11
tadrow;tiffanycli
seitseseitse;evelynuuemaa
KKnuthHerzig;_CitizenScience
KKnuthHerzig;_CitizenScience
AndreGuaraldo;ccostah
ceobillionaire;pmichelu
BookendTrust;Ottercivet
scientwest;DiscoverMag
_jessiemarieg;NCStateSciences
JillBry27434892;savebutterflies
bikehikecamp;GSBioblitz
fossil_huntress;palaeoeco
PrnsesJennie;MassDFG
science_candle;NCState_FER
ecritures;goetgevonden
ecritures;goetgevonden
Christina_Davy;jamesepaterson
whiteswine;BobBrownFndn
jacket1962;BobBrownFndn
fWil54;Ottercivet
DeanBarron7;BobBrownFndn
BarbaraJaneGunn;mshepherd11
Laura_Bello97;CitieSHealthEU
Stringy32;BobBrownFndn
epuujee;BrittneyVezina
elasita_;urbionet_RCN
naturallywild__;urbionet_RCN
PhilipReedman;BobBrownFndn
mouseroaring;BobBrownFndn
JustJoolz01;BobBrownFndn
11olvera22;ferrocarriles
leafwarbler;urbionet_RCN
EuanRitchie1;Ottercivet
tasbiophiliac;Ottercivet
localecologist;urbionet_RCN
PlanetSabine;theAGU
green_girl97;urbionet_RCN
TM_Eubanks;theAGU
AustenOnek;theAGU
DarthWootWoot;theAGU
amy_ayres1235;mshepherd11
elevatedMn;urbionet_RCN
emsaurios;urbionet_RCN
BuchGunjan;vncindia
BuchGunjan;vncindia
NiCHE_Canada;DRAWMcGill
Cat_Kapow;ShoebridgeMLC
iamarangon;Michelotto8legs
gteasts;ShoebridgeMLC
littlefishunite;ShoebridgeMLC
storms_ahead;ShoebridgeMLC
faerie_emelie;ShoebridgeMLC
TAFEeducation;ShoebridgeMLC
DoctorWalter56;urbionet_RCN
narngaloo;Ottercivet
ScicommBot;Ottercivet
jva_lacerda;ccostah
HockeyGirlsRock;NASASolve
ClimateActivi12;DiscoverMag
ncsulibraries;NCStateSciences
virgin_popcorn;DiscoverMag
jujusopar;ccostah
SannaMkelinen;AksuLehikoinen
SannaMkelinen;AksuLehikoinen
WyoBio;RockyMtWild
GaeaNetwork;Roosters_World
SamiNouili27;Linkinnov_FR
SamiNouili27;Linkinnov_FR
bellewitch66;DiscoverMag
jillfnugent;DiscoverMag
SciStarter;DiscoverMag
RonStarr6;RonStarr6
SciStarter;Parents4Planet
BirdlifeSuomi;AksuLehikoinen
BirdlifeSuomi;AksuLehikoinen
KatharineLind;ManuSaunders
ecology_tweets;NatureMapr
mshepherd11;AngelaMoles1
epuujee;AngelaMoles1
rochjulien1;L_Fallou
S_VoigtHeucke;_CitizenScience
S_VoigtHeucke;_CitizenScience
Katherwager;_CitizenScience
Katherwager;_CitizenScience
Animaltracker1;thejennawatt
Animaltracker1;thejennawatt
SeanWensley;davidjmallett
SeanWensley;davidjmallett
FabianZSI;bkieslinger
FabianZSI;bkieslinger
FaassenMarijke;goetgevonden
melissatraveler;SWAQSyd
scienceschmiens;SWAQSyd
MigMadrid;CitieSHealthEU
MigMadrid;CitieSHealthEU
Bot_TwLehrerZ;sprachspinat
CitSciOZ;NatureMapr
miekevanstigt;houtrookvrij
miekevanstigt;houtrookvrij
KraeuterVerbena;sprachspinat
KraeuterVerbena;sprachspinat
epuujee;janavascortes
pientka_marleen;houtrookvrij
CitSciOZ;EcolSocAus
cleanairforall2;drljhorsfall
TwizS8;houtrookvrij
RobertN58520057;ShoebridgeMLC
AirFairy04;drljhorsfall
WaveActionTweet;SeaMonstersTale
llThingsCitizen;GianlucaSgueo
Diana51835949;dsawsp
Diana51835949;dsawsp
Diana51835949;cleanairforall2
Diana51835949;cleanairforall2
BOMaoileoin;WatersProgramme
BOMaoileoin;WatersProgramme
CleanAirLondon;cleanairforall2
CleanAirLondon;cleanairforall2
haifaa_k;cleanairforall2
Diana51835949;cleanairforall2
Diana51835949;cleanairforall2
DHBBAW;kaischi
DHBBAW;kaischi
CsiRivers;WatersProgramme
CsiRivers;WatersProgramme
DynamicCoasts;StonehavenSnap
DynamicCoasts;StonehavenSnap
Bokito86838295;houtrookvrij
mafalda_b_costa;WollatonHall
mafalda_b_costa;WollatonHall
Agricoedu;PortugalEcology
gquerci;houtrookvrij
jaimin_n_m;vncindia
FishyGuo;hhillebr1
jaume_piera;GitteKragh
OpenSciTalk;AndrzejKlimczuk
Agentesmnatural;Vertidos_Cero
imagine_garden;NovaInnovation
biblioUPM;ETSIDI_UPM
biblioUPM;ETSIDI_UPM
BishopEducation;Headteacherchat
AntwhistleG;weswimwild
AntwhistleG;weswimwild
consciaction;DiscoverMag
padibby;DiscoverMag
OpenLifeScience;pwa_zurich
MSP6316;vncindia
Ruanpablo1997;ccostah
nichollas300;ccostah
BioacusticoBr;ccostah
Michelotto8legs;ccostah
Daniell28154658;DIASDunsink
DrugSupplyChain;DiscoverMag
Britnatureguide;esbriolat
CaraHe_;esbriolat
OtavioVulcao;ccostah
dfranco50;ccostah
AirFairy04;cleanairforall2
lsabxla;ccostah
fannygonzalezu;Kauyeken
ObsNaturalistas;ccostah
fthierygeo;kaischi
fthierygeo;kaischi
btkrth;waarneming
btkrth;waarneming
allard_wanda;esbriolat
jonasyde;AUSenseDK
jonasyde;AUSenseDK
CoopSciScoop;NCState_FER
cvsax82;DwardD
cvsax82;DwardD
HuubBiezemans;houtrookvrij
HuubBiezemans;houtrookvrij
SEFitopatologia;janavascortes
SEFitopatologia;janavascortes
cleanairforall2;SensorCommunity
VeskaIvanova3;TheIGFA
VeskaIvanova3;TheIGFA
Scapeler;houtrookvrij
kiranchebs;DiscoverMag
ClaireBardner;galapagossip
ClaireBardner;galapagossip
CitSciMonth;SciStarter
DusEmpireNL;houtrookvrij
elisabethswart;houtrookvrij
elisabethswart;houtrookvrij
KlausRiede;nosuchseagull
CoopSciScoop;SciStarter
BlogPecuariaJa;elbrotemoderno
sciencecook;jillfnugent
chiene2;houtrookvrij
dan_ai4gk;UWCIMSS
CoopSciScoop;SciStarter
Vertidos_Cero;Vertidos_Cero
Vertidos_Cero;Vertidos_Cero
vlielandjan;houtrookvrij
idhrenil;kaischi
ACophignon;lennrtsty
ACophignon;lennrtsty
BearTrust;Laffing_Bear
CitieSHealthEU;jillfnugent
CitieSHealthEU;jillfnugent
KiiruWinnie;Kang4Nature
algenuria;inmaculadalgeci
marcsom2;BobBrownFndn
TweetleDee2b;DiscoverMag
sbclifton77;DiscoverMag
CHNickerson;SciStarter
Stuck2U;DiscoverMag
oregakitaworld;DiscoverMag
seeker98747;LabHecht
Alexand33928627;DiscoverMag
inclandj;GSBioblitz
nicacordover;BobBrownFndn
Venom__Doc;DiscoverMag
calhrt269;DiscoverMag
jillfnugent;SciStarter
Julie_Erick_A;may_gun
timberpress;SciStarter
Zeel__Jain;JustOneGiantLab
stbrnoldfrt;DiscoverMag
CHNickerson;jillfnugent
FetzerPetra;TRANSFERTGTHR
FetzerPetra;TRANSFERTGTHR
cloreally;SciStarter
SightseerNW;IanFelipeSays
NatureMapr;jillfnugent
ZaraWoodward2;citizenscilab
coder_487;OpenLitterMap
kingsfoil2550;PenguinGalaxy
AnimBehSociety;bobby_habig
LiamLy;OpenLitterMap
arsen_avicenna;YESSCommunity
massenvirovoter;massenvirovoter
_marilynramirez;iste
ProfaMAB;iste
mywildrooster;OpenLitterMap
guedestb;ccostah
primarystemchat;JessieLOliver
PupsNPolitics;jillfnugent
NMStruttmann;AngelaMoles1
epuujee;AngelaMoles1
epuujee;AngelaMoles1
WNCadventurer;jillfnugent
MrQLD;citizensGBR
_J_Jan;biteszHQ
emcedy;iste
DeivoRyman;ty_buchanan
MeyerMackie;houtrookvrij
MeyerMackie;houtrookvrij
JimMitch67;iste
NotSoMuchMyself;DiscoverMag
Kli_Nev;ccostah
RealDrJen;DiscoverMag
researchremix;srslyscience
spacecasper;jillfnugent
danieltissera;NASAEarth
DeepaAgashe;krushnamegh
BuchGunjan;vncindia
jane__eden;urbanheatsv
ViditaVaidya;krushnamegh
AdrianaBriscoe;krushnamegh
anandavardhanan;krushnamegh
Rajamass;krushnamegh
MenonBioPhysics;krushnamegh
SatishAwate7;krushnamegh
Bipindhinsa;jillfnugent
jaimin_n_m;vncindia
DrVivekVaishnav;krushnamegh
AdhesionLab;krushnamegh
mjosmurphy;krushnamegh
UlrikaMHedman;msandstr
UlrikaMHedman;msandstr
nature_trackers;YungEnChee1
PoetLeSpeck;YungEnChee1
kvijayraghavan;krushnamegh
amritareach;krushnamegh
JustABrainThing;krushnamegh
GururajanMP;krushnamegh
felix_wano;Kang4Nature
Pieter_Vtieghem;krushnamegh
Pieter_Vtieghem;krushnamegh
DonnaMorgan8;DiscoverMag
Devesh_83;krushnamegh
nsreelaja;krushnamegh
SWAQSyd;melissatraveler
Alexanor56;krushnamegh
Alexanor56;krushnamegh
SadaqatMulla;krushnamegh
69NiceBot69;Aalst_Waalre
ResearchSchola6;krushnamegh
AnjaSmit;houtrookvrij
AnjaSmit;houtrookvrij
Adelie_02;Cetalingua
Adelie_02;Cetalingua
AmparoR60975304;FelipeCamposlh
MarkPiesing;MarkPiesing
MarkPiesing;MarkPiesing
ditz167;vncindia
kedar_phoenix;krushnamegh
j_chapman2;krushnamegh
j_chapman2;krushnamegh
StonehavenTweet;StonehavenSnap
bigfishbigsea;SeaMonstersTale
_mat_leclerc_;SailHirondelle
_mat_leclerc_;SailHirondelle
pragyasrivasta1;krushnamegh
TransformdHart;MarkPiesing
TransformdHart;MarkPiesing
tanyajyothi;krushnamegh
FlavioPrincipi;AssociationMust
Mosquito_Alert;CCiutadana
caborradaileho1;CherylMorrisW
CitSciOZ;NatureMapr
AakashN1997;krushnamegh
CitSciOZ;SciStarter
CitSciOZ;OSanctuaries
CitSciOZ;JessieLOliver
CitSciOZ;SciStarter
CitSciOZ;TKaarsted
CitSciOZ;CoopSciScoop
CitSciOZ;stephen_fricker
CitSciOZ;jillfnugent
PiMuon;Chaotikum_eV
PiMuon;Chaotikum_eV
DippelLara;Chaotikum_eV
DebashreeBeher6;krushnamegh
TVLuke;Chaotikum_eV
TVLuke;Chaotikum_eV
toxicity21;Chaotikum_eV
EvolOdonata;krushnamegh
EvolOdonata;krushnamegh
chaospott;Chaotikum_eV
benny_de;Chaotikum_eV
benny_de;Chaotikum_eV
faab_e;Chaotikum_eV
eco_christinar;NatureMapr
Herman_Cadena;ColeccionistaO1
itslivykate;cephcitscience
itslivykate;cephcitscience
Vertidos_Cero;juanfranradio
Vertidos_Cero;juanfranradio
kalikapg;krushnamegh
elaphrornis;RPhotons
whoismikey;OpenLitterMap
whoismikey;OpenLitterMap
anjellcanne;nababaha
JamesJava;CherylMorrisW
_carlosrodero;CCiutadana
_carlosrodero;CCiutadana
NerdImNetz;Chaotikum_eV
sciBot6;OpenLitterMap
dennisdko;nababaha
Sadie29427200;krushnamegh
Sadie29427200;krushnamegh
NCBS_Bangalore;krushnamegh
MaamSyj;nababaha
TweetySuhasini;krushnamegh
pegasus191;krushnamegh
PaisajeLimpio;juanfranradio
PaisajeLimpio;juanfranradio
mammalluvr;DiscoverMag
navmikrishna;krushnamegh
ckkoduri;krushnamegh
Natasha04193585;AntoineBouziat
maryeford;jillfnugent
Strandheld;zwerfvuilNET
mcmsharksxx;CitSciOZ
sonalasthana;krushnamegh
collieryspoil;abigailjayne26
collieryspoil;abigailjayne26
SBM_Concarneau;SailHirondelle
SBM_Concarneau;SailHirondelle
Vikki56;abigailjayne26
Vikki56;abigailjayne26
anjalorenz;Chaotikum_eV
anjalorenz;Chaotikum_eV
FuzzyLeapfrog;Chaotikum_eV
NcbsPdfa;krushnamegh
Elcosmopolita_;Dejusticia
EU_Aliens;TKaarsted
EU_Aliens;TKaarsted
kidtalkscience;CitSciMonth
CitSciOZ;climate_history
JascharDomann;stt_berlin
JascharDomann;stt_berlin
Sybalan;RPhotons
Sybalan;RPhotons
BritishSpiders;RPhotons
BritishSpiders;RPhotons
cuttle_cons;cephcitscience
LoveofMaths1;climate_history
iRyniii;nababaha
iRyniii;nababaha
gsigal;jillfnugent
2headedterror;RPhotons
kmsoutdoors;PaddleKillarney
RegineFlorent;zwerfvuilNET
BirdWatchIE;sharonlambert0
BirdWatchIE;sharonlambert0
suzegovers;zwerfvuilNET
PatMaher5;sharonlambert0
PatMaher5;sharonlambert0
coileyparjley;abigailjayne26
coileyparjley;abigailjayne26
walesbotanic;abigailjayne26
walesbotanic;abigailjayne26
Pip_J_Jones;abigailjayne26
Pip_J_Jones;abigailjayne26
KCarter104;SciStarter
jillfnugent;DiscoverMag
Naikasanuchara;krushnamegh
blrbutterfly;krushnamegh
SciStarter;DiscoverMag
ecology_tweets;ScottESolomon
NatureNymph;sharonlambert0
NatureNymph;sharonlambert0
DeepaAgashe;ScottESolomon
vishuguttal;krushnamegh
fdmhildesheim;FIT4RRIEU
RichardSweeney2;Johnrashton47
RichardSweeney2;Johnrashton47
AndrewW66619812;Johnrashton47
raspishake;re9a7
marktutton25;krushnamegh
marktutton25;krushnamegh
ChaosWildWest;Chaotikum_eV
epuujee;jillfnugent
jillfnugent;CitSciOZ
hightide2038;UWCIMSS
MyFrogCroaked;Chimaera000
PestResources;ADietrichPhD
justinejenks;abigailjayne26
justinejenks;abigailjayne26
vixx_pixx;CitSciOZ
VNCUSA;vncindia
negro475;jtcedeno
negro475;FranklinOrmaza1
jtcedeno;FranklinOrmaza1
CosmosMagazine;CitSciOZ
ProfCallum;MUInitiative
ProfCallum;MUInitiative
MalliardReport;extension13show
roberto_papa;MaudTenaillon
EuanRitchie1;TERN_Aus
EcolSocAus;TERN_Aus
Estacao03Portos;PaulMSmithPhoto
kchandra58;krushnamegh
RoboNils;Chaotikum_eV
ShraboniGhosal;krushnamegh
ShraboniGhosal;krushnamegh
AnastasChuck;massenvirovoter
Thottacherry;krushnamegh
Thottacherry;krushnamegh
KimmoRantanen;HeikkiHelle
KimmoRantanen;HeikkiHelle
SciStarter;kidtalkscience
AksuLehikoinen;HeikkiHelle
BigCityBirds1;CitSciOZ
MsMaehoenen;HeikkiHelle
MsMaehoenen;HeikkiHelle
FranklinOrmaza1;jtcedeno
SciStarter;CitSciMonth
tera2080;UWCIMSS
mpit2008;extension13show
AarontheEcolog;TERN_Aus
Environment_Al;outdoor_ed
JustineAmmendo1;PegKeiner
YungEnChee1;CitSciOZ
hcoronatus;RPhotons
hcoronatus;RPhotons
OttLegalRebels;mentorcapital1
erikmcdaniel12;vncindia
_Crocodiles;vncindia
Lt_AIR;SETIInstitute
GotschMarianne;oenb_
bmk_infothek;oenb_
bmk_infothek;oenb_
Cristinamactans;laurawildhealth
benjohn65;SETIInstitute
_haye_;BRIDGEschools
sunnykoul8;SETIInstitute
exc_phoenixd;m_munke
exc_phoenixd;m_munke
Unistellar;Uyacha
Unistellar;Uyacha
AglaiaBouma;TaxonExped
AglaiaBouma;TaxonExped
nageshkr;krushnamegh
schilthuizen;TaxonExped
schilthuizen;TaxonExped
mitforschen;m_munke
mitforschen;m_munke
chabis_ch;mitforschen
AeRO_eResearch;TERN_Aus
juanseapi;josemmontalva
ButtsBees;josemmontalva
GAINBioblitz;GSBioblitz
DiveBot2;GSBioblitz
CornilleAmand;MaudTenaillon
CornilleAmand;MaudTenaillon
KelseyUtne;Chimaera000
GinaAndrade19;jtcedeno
LAHooven;josemmontalva
zanaines;josemmontalva
epuujee;FrontPharmacol
SaveWildBees;josemmontalva
egarciacota;SETIInstitute
ThusSpokeJon;SETIInstitute
teamofIndore;13Lxx
SuzanneGiacotto;PegKeiner
a_dorrestein;laurawildhealth
Jenniferlayne53;SETIInstitute
Rells1977;SETIInstitute
anotherSarahR;CitSciOZ
emccoy_writer;JusttheZooofUs
softmossdog;JusttheZooofUs
DevorahHeitner;PegKeiner
JenYetAgain;JusttheZooofUs
victorhavilab;SETIInstitute
AusBats;laurawildhealth
142Countries;mentorcapital1
1Incubator;mentorcapital1
thekopernik;BRIDGEschools
the404code;mentorcapital1
antheabatsakis;laurawildhealth
MohamedSharif;UQscience
AdishDani;krushnamegh
OpenSciTalk;Cos4Cloud
pwa_zurich;m_munke
btkrth;m_munke
btkrth;m_munke
adubharti;TaxonExped
saxorum;m_munke
saxorum;m_munke
frankstaudinger;m_munke
chabis_ch;m_munke
SLUBDD_Rhian;m_munke
SLUBDD_Rhian;m_munke
PaulWilliamsNHM;josemmontalva
OpenSciTalk;m_munke
KORINAUfU;m_munke
FFHistorians;m_munke
FFHistorians;m_munke
RRIpeater;_CitizenScience
ELTEEK;OpenAIRE_eu
ELTEEK;OpenAIRE_eu
rachel_marine;deakinresearch
jhaue;NicolasPucino
jan2m;OpenAIRE_eu
jan2m;OpenAIRE_eu
kleines283;m_munke
kleines283;m_munke
MarkHahnel;OpenAIRE_eu
MarkHahnel;OpenAIRE_eu
SLUBdresden;mitforschen
SLUBdresden;mitforschen
WhiteCh46522218;SETIInstitute
epuujee;BetterEnnis
QUBMathsPhys;CPH_QUB
QUBMathsPhys;CPH_QUB
Cambridge_Eng;Cambridge_Eng
QAAFI;UQscience
slubbon;m_munke
slubbon;m_munke
etym_dub;NicolasPucino
OpenSciTalk;kmiou
anselmonadir;HeikkiHelle
anselmonadir;HeikkiHelle
Alice_R_Jones;ReefLifeSurvey
UCDSBES;ecostructure_
UCDSBES;ecostructure_
ConservOptimism;SeaMonstersTale
EfrainFreire1;GSBioblitz
LorraineFitzsim;BetterEnnis
LorraineFitzsim;BetterEnnis
fabulanaturae;EU_Aliens
cs_sdg2020;EuCitSci
cs_sdg2020;EuCitSci
HADL2015;backyardworldSP
Scivil_Flanders;EuCitSci
LuciaSegoviaRev;jan2m
VToralgranda;ReefLifeSurvey
v_i_o_l_a;WWU_Muenster
v_i_o_l_a;WWU_Muenster
TUDublinEPS;BetterEnnis
OpenSciTalk;subugoe
KellieTaylorEdD;ArensRachael
Catalina_valpo;josemmontalva
Gen_R_;TKaarsted
Gen_R_;TKaarsted
sammyhawkrad;EuCitSci
bymattkelly;josemmontalva
john_dresc;ColeccionistaO1
vauz_uzh;ScienceEtCite
_a_hennessy;alanstenhouse
tvadya;alanstenhouse
elmilam;HSSGECC
VolcanoWatching;ledaSB
VolcanoWatching;ledaSB
Birdlifejamaica;Roosters_World
LadiesOfLandsat;Brianna_R_Pagan
asgerlarsen;TKaarsted
asgerlarsen;TKaarsted
Leonviejo1;Roosters_World
raspishake;ledaSB
Birdlifejamaica;BirdsCaribbean
mardoqueo1986;ledaSB
MarcosGilOsorio;EFEnoticias
MarcosGilOsorio;EFEnoticias
morganahcrowley;Brianna_R_Pagan
anthonyjwells;CaitlinMilazzo
anthonyjwells;CaitlinMilazzo
NeemaBegum;CaitlinMilazzo
NeemaBegum;CaitlinMilazzo
ProfTimBale;CaitlinMilazzo
ProfTimBale;CaitlinMilazzo
rosa_francesca;CaitlinMilazzo
margymaclibrary;GeorgiaAudubon
MARVAMroberts;Roosters_World
OpenElectionsUK;CaitlinMilazzo
bigdon1a1;Brianna_R_Pagan
SiimTrumm;CaitlinMilazzo
SiimTrumm;CaitlinMilazzo
CitieSHealthEU;SciencefChange
CitieSHealthEU;SciencefChange
RaiBypro;gesplansa
RaiBypro;gesplansa
BZgeo;Brianna_R_Pagan
genspacenyc;HendiaEdmund
tceles_B_hsup;NCStateSciences
ncsulibraries;NCStateSciences
jchodera;HendiaEdmund
con20or;Brianna_R_Pagan
con20or;Brianna_R_Pagan
bhargesh041;vncindia
BirgitSokull;EU_Aliens
BirgitSokull;EU_Aliens
OSCGalway;bschmid1
OSCGalway;bschmid1
SciStarter;canairq
EuCitSci;EU_Aliens
jillfnugent;CitSciMonth
Herman_Cadena;ColeccionistaO1
kaiserincarla1;USGSTNM
BrentEwers;RockyMtWild
epigijon;uniovi_info
epigijon;uniovi_info
SciStarter;EuCitSci
jillfnugent;EuCitSci
Gordon1000;CaitlinMilazzo
Gordon1000;CaitlinMilazzo
amandarees9;HSSGECC
BABY_LEO_BILL;SETIInstitute
janpkehl;Charlie26682228
janpkehl;Charlie26682228
stefvegro;GregoireDubois
trendsinAI;GregoireDubois
FuturaConjetura;ReinforceEU
Nic_ky___R;EuCitSci
Nic_ky___R;EuCitSci
hernangraffe;HADL2015
mfnberlin;EuCitSci
mfnberlin;EuCitSci
epuujee;USGSTNM
VNCUSA;vncindia
megschwamb;chrislintott
megschwamb;chrislintott
albertfeynman;chrislintott
albertfeynman;chrislintott
steinly0;chrislintott
newfxfs;chrislintott
roures1;danielbernalb
fdmhildesheim;m_munke
CSEOLab;innovatearth
CSEOLab;innovatearth
dresden_forscht;m_munke
dresden_forscht;mitforschen
husensinan;MUInitiative
GTFCymru;abigailjayne26
GTFCymru;abigailjayne26
NAPLESisLib;EIFLnet
NAPLESisLib;EIFLnet
cvila_museum;m_munke
StadslabLKW;samenmeten
StadslabLKW;samenmeten
CosmosMagazine;NicolasPucino
Shiva97940992;TOIIndiaNews
niggegraf;m_munke
OpenSciTalk;euatweets
OpenSciTalk;EIFLnet
nbcommunication;kazcustard
UNITE_tech_univ;euatweets
DeakinCIE;deakinresearch
_open_science_;euatweets
RRITools;euatweets
saxorum;mitforschen
saxorum;mitforschen
debatinginnovat;euatweets
debatinginnovat;euatweets
niggegraf;m_munke
qubgradschool;CPH_QUB
_open_science_;EIFLnet
OpenSciTalk;Cos4Cloud
euatweets;OpenAIRE_eu
OliverPrysJones;josemmontalva
OliverPrysJones;josemmontalva
ElCarraixet;OpenAIRE_eu
OpenSciTalk;OpenAIRE_eu
Leipzig_forscht;m_munke
kmiou;Cos4Cloud
kmiou;Cos4Cloud
lennrtsty;OpenAIRE_eu
lennrtsty;OpenAIRE_eu
lennrtsty;euatweets
lennrtsty;euatweets
EO_OPEN_SCIENCE;EO_OPEN_SCIENCE
EO_OPEN_SCIENCE;EO_OPEN_SCIENCE
sileginnane;BetterEnnis
bjorklund_heidi;HeikkiHelle
pradeep2004;raghu_hegde
fdmhildesheim;m_munke
CillDar;BetterEnnis
CillDar;BetterEnnis
TanuYad81103220;krushnamegh
innovatearth;EuCitSci
WaskarMontano1;SETIInstitute
AksuLehikoinen;PMSirkia
Maxximumpower;subugoe
Maxximumpower;subugoe
danielbernalb;Aidaespanol
amyjsdavis;EU_Aliens
amyjsdavis;EU_Aliens
TremeurDenigot;EU_Aliens
TremeurDenigot;EU_Aliens
oesterheld_c;m_munke
GOFAIRofficial;jan2m
sndSweden;OpenAIRE_eu
sndSweden;OpenAIRE_eu
DHBBAW;transcribathon
DHBBAW;transcribathon
fredy_rivera;danielbernalb
StefEurope;euatweets
StefEurope;euatweets
Lambo;TKaarsted
Lambo;TKaarsted
AngelaMeyerPhD;ArensRachael
PilarCo70133476;jtcedeno
BirdWatchIE;DublinCARO
BirdWatchIE;DublinCARO
JustydGalway;BetterEnnis
JustydGalway;BetterEnnis
JulikaMimkes;subugoe
JulikaMimkes;subugoe
gianamar97;HSSGECC
gianamar97;HSSGECC
sureshramanan01;krushnamegh
mustuner2;Brianna_R_Pagan
lauryovi85;EFEnoticias
lauryovi85;EFEnoticias
hood_naturalist;GeorgiaAudubon
BernardineC;BetterEnnis
BernardineC;BetterEnnis
deathdater;BetterEnnis
Pabloaristi72;EFEnoticias
__Vorfreude_;Roosters_World
schwantarctic;GeorgiaAudubon
Westfalenlob;WWU_Muenster
MaxRLambert;HSSGECC
jairo_a_morales;Dejusticia
imperial_pigeon;alanstenhouse
ProfJaneGreen;CaitlinMilazzo
ProfJaneGreen;CaitlinMilazzo
Quintero_Funes;EFEnoticias
CThompsonAIDA;Aidaespanol
derrottenberger;LangurPenang
StrathclydeOA;bschmid1
StrathclydeOA;bschmid1
SciStarter;CitSciMonth
psaepop;CaitlinMilazzo
RRIpeater;svet_kl
Genkisoda;GeorgiaAudubon
erikgahner;CaitlinMilazzo
OpenSciTalk;bschmid1
_open_science_;bschmid1
CantellSchool;SotonAstrodome
CantellSchool;SotonAstrodome
canairq;danielbernalb
canairq;Aidaespanol
GitteKragh;Cos4Cloud
OCarmona72;raleighparks
kaiserincarla1;USGS
lea_bei;HSSGECC
lea_bei;HSSGECC
PrincetonNature;SeaMonstersTale
stemple_jim;Y2Y_Initiative
STEMwithFreya;SotonAstrodome
MonikaMBauer;jan2m
vijaybarve;krushnamegh
BESCitSci;GitteKragh
BESCitSci;GitteKragh
janine_baldwin;greatnurdler
ElenaAvanzas;uniovi_info
alemumacias;uniovi_info
alemumacias;uniovi_info
sushecker;EuCitSci
Chaotikum_eV;nicolas_woehrl
HilmarPreu;ScienceEtCite
PupsNPolitics;raleighparks
svet_kl;EuCitSci
svet_kl;EuCitSci
nnlmmcr;CitSciMonth
cfe_FLOWerLab;abigailjayne26
cfe_FLOWerLab;abigailjayne26
AThielsch;bschmid1
AThielsch;bschmid1
Jose_A_Sanabria;INBIOMAR_
Jose_A_Sanabria;INBIOMAR_
BearTrust;Y2Y_Initiative
DofETimCSO;TwilleyLindsay
DofETimCSO;TwilleyLindsay
jloureiro_13;callaghanct
jloureiro_13;callaghanct
epuujee;callaghanct
jloureiro_13;abigailjayne26
jloureiro_13;abigailjayne26
CamiloPrietoVal;danielbernalb
mambientalistac;danielbernalb
caymsortweeted;chrislintott
SimonWad;lilianehunt91
SimonWad;lilianehunt91
lrusso08;abigailjayne26
ELI_Innovation;ELIORG
sound_of_sirens;CaitlinMilazzo
sound_of_sirens;CaitlinMilazzo
AlyssaArre;sebyosiere
GracelessHippo;chrislintott
GracelessHippo;chrislintott
deepindex;chrislintott
moorehl;EuCitSci
jpachonq;Aidaespanol
HollyMetcalfe14;EcographyJourna
TagfalterD;mitforschen
Der_Derwish;nicolas_woehrl
AGUAtmosSci;theAGU
ClaraLepard;JusttheZooofUs
api_learnn;TokeHoye
KerstinFirmin;lm150th
innovatearth;EuCitSci
Mississauga_Cal;yourriverwood
shinyshani;Roosters_World
JChrisPires;jgi
dmbeckerr;JennBFields
Casonashoteles;uniovi_info
Casonashoteles;uniovi_info
SteveThorsett;chrislintott
sashapal;ScienceCenters
SciStarter;CoopSciScoop
CHNickerson;CoopSciScoop
StraubingerDK;CaitlinMilazzo
StraubingerDK;CaitlinMilazzo
spotteron;crowd_water
spotteron;crowd_water
irie_dee;Roosters_World
NCState_FER;CoopSciScoop
banannareli;GLOBEProgram
CitSciLib;CoopSciScoop
BEANOntario;yourriverwood
naturallywild__;HSSGECC
soxlej;CoopSciScoop
ClubAnforaMl;INBIOMAR_
ClubAnforaMl;INBIOMAR_
kelinC11;Brianna_R_Pagan
ldpharr;CoopSciScoop
naturallywild__;CoopSciScoop
AuntNYC;SciStarter
Livermore_Homes;rikwalters
nicolas_urbani;RFECaza
HeinzeTrust;chiwilderness
leafwarbler;CoopSciScoop
VolcanoWatching;raspishake
VolcanoWatching;raspishake
Kat4Obama;JusttheZooofUs
ooist7;AngelaMoles1
Liebehaeschen;Conabio
marlenemorita14;Conabio
trendsinAI;thinkthistwice
miguelmcminn;AvesArgentinas
miguelmcminn;AvesArgentinas
Ananoki;albertabats
La_U_Re_N;ThrivingEarth
mgdln210;Aidaespanol
docmelissap;EnvironMegan
anselmonadir;PMSirkia
anselmonadir;PMSirkia
jillfnugent;brittney_beck
DeakinSEBE;deakinresearch
checonguero;Dejusticia
checonguero;Dejusticia
degruyter_lib;m_munke
ncsulibraries;SciStarter
re_sieber;DRAWMcGill
JoeTwyman;CaitlinMilazzo
JoeTwyman;CaitlinMilazzo
cmstefa;NWSPittsburgh
newsradio1170;NWSPittsburgh
Mr_SBailey;outdoor_ed
SamHayne10;DrJPriceTrustee
marinohernan;gesplansa
indiartd;callaghanct
captnickhelt;NWSPittsburgh
kristy527;NWSPittsburgh
Saldana_08;Aidaespanol
SJOneal_NC;SciStarter
danielbernalb;danielbernalb
CA_king_tides;planetacterra
Waves_SF;planetacterra
ATjelmeland;SteveBCaron
reachwater;IWMI_
IndiraNolivos;jtcedeno
RidersFan71;albertabats
krlanen;WWU_Muenster
krlanen;WWU_Muenster
glo_pro;EuCitSci
glo_pro;EuCitSci
UCARSciEd;GLOBEProgram
TeraLepido;Roosters_World
PrakshiAneja;krushnamegh
chabe_ruiz_pena;uniovi_info
JuliaIball;chrislintott
JuliaIball;chrislintott
BearTrust;theACTWS
TonyMcK_SPO_JRF;EuCitSci
RRITools;CitieSHealthEU
americandialect;CitSciMonth
americandialect;CitSciMonth
carminaovargas;malbarracin
NorthCarolinaEE;CoopSciScoop
innovatearth;EU_Aliens
TheCAZCA;ecofloraphx
Chisscke1;yourriverwood
Anett77Richter;CitSciLab
SirWalksALot1;CahabaRiverkeep
NCStateCNR;CoopSciScoop
heartsintheice;TweetAurora
Covi_HF;uniovi_info
FlatlanderHank;TweetAurora
MellinCamille;ReefLifeSurvey
StellenboschF;TheBushFundi
GamingBlogga;rikwalters
ElisePirelli;rikwalters
heron_sparrow;yourriverwood
StreckerScience;LivingSnowProj
anjalorenz;nicolas_woehrl
anjalorenz;nicolas_woehrl
citsciDK;GitteKragh
citsciDK;GitteKragh
ali_bat;laurawildhealth
lucht_schone;samenmeten
Selkie85;NovaInnovation
Selkie85;NovaInnovation
algabase;ELIORG
informalscience;ScienceCenters
CitSciOZ;GSBioblitz
CitSciOZ;jan2m
CitSciOZ;jan2m
AAUWNM;GLOBEProgram
crystal4obama;JusttheZooofUs
loleg;foodandyou_ch
UCDAVISCAPED;ucdavis
RRossachacj;DCNRnews
TrebolaOrg;malbarracin
rayitogf;INBIOMAR_
rayitogf;INBIOMAR_
EPAresearch;EPAallnations
NeilShader;DCNRnews
DanQuirogaV;Aidaespanol
AbundantPedShed;DrJPriceTrustee
hannahsmama3;DrJPriceTrustee
TehuantepecGAP;raspishakEQ
Carlos_tmk;raspishakEQ
AlMaXx8017;raspishakEQ
925mlbfan;raspishakEQ
HeddyNajjar;raspishakEQ
jchpitner;brittney_beck
sciBot6;OpenLitterMap
evilgeniustobe;AspienBlue
george_hess;EnvironMegan
rhtunstall;DrJPriceTrustee
COACentenario;AvesArgentinas
FrankMarcopolos;NWSPittsburgh
SciStarter;CHNickerson
jeunesophie;lilianehunt91
jeunesophie;lilianehunt91
buccos08;NWSPittsburgh
geekygirlsarah;NWSPittsburgh
lifeisterrible;NWSPittsburgh
CutoffMountain;Y2Y_Initiative
marzman1434;NWSPittsburgh
TTremblingEarth;SteveBCaron
Martin_Science1;danielbernalb
danielbernalb;danielbernalb
Mediarse;Aidaespanol
VolcanoWatching;SteveBCaron
VolcanoWatching;SteveBCaron
DogCognitionSE;FamDogProject
DogCognitionSE;FamDogProject
DarwinAmbiental;danielbernalb
tuscwx;NWSPittsburgh
naritoshi_k;TweetAurora
KeesmanMatthijs;jillfnugent
KeesmanMatthijs;jillfnugent
AnaQues45280021;raspishakEQ
NShuttWTOV;NWSPittsburgh
markwoodstock47;DiscoverMCCD
kappa_bird;CitSciOZ
CaptureNorth;TweetAurora
seelie_wight;CitSciOZ
Aaaengel;raspishake
Wingtags;CitSciOZ
NCStateInnovate;SciStarter
CoopSciScoop;SciStarter
sdcof40;NWSPittsburgh
CoorongDan1;alanstenhouse
CitSciMonth;CHNickerson
maritzaaceved11;danielbernalb
manuel_rodb;danielbernalb
sopadebabas;danielbernalb
DJofBugs;CitSciOZ
VerdeDVerdad;danielbernalb
erinbiba;NASAEarth
DoNASAScience;GLOBEProgram
llThingsCitizen;seafoodAUS
n_stenhou;alanstenhouse
danieltissera;AvesArgentinas
BuchGunjan;vncindia
taalluq;NASAEarth
alanstenhouse;bowscovery
SciStarter;CitSciMonth
coreytrina;NASAEarth
marianatrobosky;EU_Aliens
marianatrobosky;EU_Aliens
kidtalkscience;CitSciMonth
jillfnugent;CHNickerson
SciStarter;CitSciMonth
Bunnybell666;Conabio
ashwin_baindur;vncindia
ashwin_baindur;vncindia
TeachersPLN;ArensRachael
Venom__Doc;vncindia
erikmcdaniel12;vncindia
Hourlyherpz;vncindia
afrosuchia;vncindia
samyagdrsti;vncindia
InvasionEcology;alanstenhouse
SylkeSchaefer;m_munke
carmengalu;Conabio
algabase;LivingSnowProj
bothacarol;TheBushFundi
lin_nah;JusttheZooofUs
InfoGujcost;DrJitendraGava1
ScicommBot;CitSciOZ
auscicomm;CitSciOZ
Arjun_Vithlani;vncindia
m_munke;mitforschen
m_munke;mitforschen
helmholtz_de;mitforschen
helmholtz_de;mitforschen
kiru;bschmid1
kiru;bschmid1
dbeucke;bschmid1
dbeucke;bschmid1
thegoecampus;bschmid1
thegoecampus;bschmid1
Cos4Cloud;ReinforceEU
HeddyNajjar;SteveBCaron
nature_trackers;Ottercivet
CatMYoung;Ottercivet
CSEOLab;ReinforceEU
CSEOLab;ReinforceEU
CitSciSE;EuCitSci
CitSciSE;EuCitSci
play2bfree;Ottercivet
aakash_lamba;alanstenhouse
Maxximumpower;bschmid1
Maxximumpower;bschmid1
NPol3092;CaitlinMilazzo
RozemienDeTroch;meteobenl
RozemienDeTroch;meteobenl
cirzh;ORCireland
cirzh;ORCireland
Cos4Cloud;EuCitSci
spacepasty;sartemis_
spacepasty;sartemis_
YungEnChee1;Ottercivet
CnBsNana;NASAEarth
DebrisTracker;PegKeiner
carlabitter;ThrivingEarth
BTBagley5;NASAEarth
wineeconomists3;ThrivingEarth
Oyeaguita;Conabio
jairo_a_morales;danielbernalb
littleone067;DrJPriceTrustee
tello_willy;Conabio
susanvalot;NASAEarth
johnnykelphead;planetacterra
amsuprak;NASAEarth
Wwchou17;planetacterra
AlmasiKama;ArensRachael
NGSS4Oregon;ArensRachael
NaturaGto;Conabio
HardikRMakwana;NisargCSC
DHAVALP20475984;NisargCSC
mapperpat;sartemis_
mapperpat;sartemis_
alesarrett;EuCitSci
diversityup;GSBioblitz
raspishake;SteveBCaron
LuiseManning1;GSBioblitz
VolcanoWatching;ledaSB
VolcanoWatching;ledaSB
VolcanoWatching;re9a7
VolcanoWatching;re9a7
VolcanoWatching;re9a7
VolcanoWatching;re9a7
DCLjasonx;13Lxx
raspishake;ledaSB
raspishake;re9a7
DrAlanWager;CaitlinMilazzo
raspishake;re9a7
vetenskapoallm;CitieSHealthEU
vetenskapoallm;CitieSHealthEU
vetenskapoallm;CitieSHealthEU
vetenskapoallm;CitieSHealthEU
CitSciSE;CitieSHealthEU
CitSciSE;CitieSHealthEU
CitSciSE;CitieSHealthEU
CitSciSE;CitieSHealthEU
NickAnstead;CaitlinMilazzo
NickAnstead;CaitlinMilazzo
BigCityBirds1;GSBioblitz
CitSciOZ;GSBioblitz
CleanAirUK;EuCitSci
CleanAirUK;EuCitSci
encephalartos;meteobenl
encephalartos;meteobenl
Berserkjablogg;EnvCit
Wingtags;laurawildhealth
CHNickerson;GratitudeMap
CHNickerson;lewisjacquie
SciStarter;GratitudeMap
SciStarter;lewisjacquie
SDGsbot;web2learn_eu
SDGsbot;RobertLepenies
Dimibro;Biodiversity_be
Dimibro;Biodiversity_be
LizLizdeM;rhumedalsalitre
CitieSHealthEU;web2learn_eu
CitieSHealthEU;web2learn_eu
rri_see;EUCitSciProject
medaibot;VisualPersist
PietroBartocci;OpenAIRE_eu
fareedaasf;projectaware
raspishake;gmrpetricca
ReefScan;VisualPersist
VolcanoWatching;gmrpetricca
VolcanoWatching;gmrpetricca
py_data_sci;gmrpetricca
epuujee;dilekfraisl1
saxorum;mitforschen
saxorum;mitforschen
CHNickerson;scicheer
nematodas;piratas_ciencia
GoldenAgents;JorisOddens
GoldenAgents;JorisOddens
cecilepelissier;Terredeliens
SITReSU;MoscasFloricola
epuujee;batpapers
epuujee;FloatingForests
sushecker;mitforschen
NCStateCNR;EnvironMegan
btkrth;CSAustria
btkrth;CSAustria
corinneSimoni;Terredeliens
corinneSimoni;Terredeliens
Kenzopaolo;Dejusticia
kortux;Dejusticia
IBIS_journal;TheUrbanBird1
IBIS_journal;TheUrbanBird1
Andre_jjH;Biodiversity_be
Andre_jjH;Biodiversity_be
LindaHall_org;EnvCit
VolcanoWatching;raspishake
VolcanoWatching;raspishake
Adm_Ambiental;canairq
BelgianCbd;Biodiversity_be
SciStarter;CHNickerson
nickschurch;biorxivpreprint
V_Saggiomo;K_Herborn
V_Saggiomo;K_Herborn
demurely38;MammalWeb
demurely38;MammalWeb
dresden_forscht;saxorum
WeAreWaterSW;CitSci
AMELIA_CORTES_G;Ambiental_Ira
camartinezj;UFrontera
BCHEPPdepthead;jgi
lifelovelily22;AspienBlue
alfredo_920;UFrontera
dresden_forscht;kleines283
Amdelv1V;Conabio
SDawsonBerlin;AlettaBonn
SDawsonBerlin;AlettaBonn
Gulnerman;mhaklay
kleines283;mitforschen
kleines283;mitforschen
discvrsomething;iste
mhaklay;sartemis_
mhaklay;sartemis_
Do_contra_sim;Michelotto8legs
Todd_Scheve;NOIRLabAstro
epuujee;NOIRLabAstro
DataLabAstro;NOIRLabAstro
Win_OpenData;SherryLippiatt
board_transfer;mitforschen
KittPeakNatObs;NOIRLabAstro
marianojavierd1;NOIRLabAstro
13SciDave;HantsIWWildlife
13SciDave;HantsIWWildlife
PsgbStudent;kirstyegraham
PsgbStudent;kirstyegraham
AngelaMeyerPhD;NOIRLabAstro
KampenHistorie;JorisOddens
bernarchevalier;raspishakEQ
bernarchevalier;raspishakEQ
UESTVChile;UFrontera
phosphoria31;Mich_Lakes
UK_CEH;NaturalEngland
UK_CEH;NaturalEngland
GeminiObs;NOIRLabAstro
informearauknia;tuniverciudad
BerkeleyLab;jgi
DrRitaHamad;DrRitaHamad
andrewmorrisuk;PaulGuinnessy
andrewmorrisuk;PaulGuinnessy
medaibot;PaulGuinnessy
shoshanahjacobs;lizdporter
DrAverbee;josemmontalva
cop_csi;EuCitSci
cop_csi;EuCitSci
Ideas_4_Change;EvaAlloza
Ideas_4_Change;EvaAlloza
vetenskapoallm;EuCitSci
vetenskapoallm;EuCitSci
CitieSHealthEU;ReinforceEU
CitieSHealthEU;ReinforceEU
Ahkahna;EnvCit
OpenSciTalk;OpenAIRE_eu
anandMenon1;CaitlinMilazzo
BirdWatchingMy;EnvCit
robfordmancs;CaitlinMilazzo
ChrisHJGilson;CaitlinMilazzo
ChrisHJGilson;CaitlinMilazzo
VdhSonia;Biodiversity_be
VdhSonia;Biodiversity_be
COAR_eV;OpenAIRE_eu
Prof_TurtleAU;westsyduzoology
subugoe;bschmid1
subugoe;bschmid1
JulikaMimkes;bschmid1
JulikaMimkes;bschmid1
euatweets;OpenAIRE_eu
dynamicdunes;NaturalEngland
dynamicdunes;NaturalEngland
Alice_R_Jones;alanstenhouse
VctorGubau;f_artemisan
VctorGubau;Mutuasport
raumwurschtler;CaitlinMilazzo
OpenElectionsUK;UonDigiResearch
OpenElectionsUK;UonDigiResearch
VctorGubau;RFECaza
ecostructure_;catching_waves
ecostructure_;catching_waves
Fisher_DanaR;RobertLepenies
PiMuon;nicolas_woehrl
PiMuon;nicolas_woehrl
SeetaLabs;Scivil_Flanders
SeetaLabs;Scivil_Flanders
linzoconnor;Ottercivet
natureconnecti2;RSPB_Learning
natureconnecti2;RSPB_Learning
kmiou;EuCitSci
kmiou;EuCitSci
m_mokros;Brianna_R_Pagan
m_mokros;Brianna_R_Pagan
SLUBdresden;mitforschen
SLUBdresden;mitforschen
JanPvanderSpek;JorisOddens
sushecker;EuCitSci
isEmmaWright;UKEnvObs
Niklas_Kaestner;_CitizenScience
Niklas_Kaestner;_CitizenScience
Anett77Richter;oenb_
KathKopke;catching_waves
iea_ioi;CSAustria
iea_ioi;CSAustria
KathKopke;orlapeach
jan_stroop;JorisOddens
MaritiemPortal;JorisOddens
Cianjo_AA;catching_waves
Cianjo_AA;catching_waves
lewisjacquie;scicheer
ma_eugeniam;danielbernalb
EsjeP;JorisOddens
spekulatius1984;akeshavan_
danielbernalb;Aidaespanol
DivijaJata;Biodiversity_be
DivijaJata;Biodiversity_be
epuujee;biorxivpreprint
epuujee;biorxiv_ecology
Laurabeta;Aidaespanol
danielbernalb;Dejusticia
canairq;Dejusticia
canairq;Aidaespanol
RobertLepenies;dilekfraisl1
RobertLepenies;dilekfraisl1
FWF_at;CSAustria
FWF_at;CSAustria
rnoerr;MoscasFloricola
adujerjoe;gmrpetricca
panelfit;EuCitSci
dbeucke;subugoe
dbeucke;subugoe
Fingal_Cycling;f_pilla
vetenskapoallm;innovatearth
vetenskapoallm;innovatearth
ssehrineu;SaraAnnWylie
SamuelQuicenoP;Dejusticia
Geo_Wiki;dilekfraisl1
AdmisionUfro;tuniverciudad
genspacenyc;sci_reginagoetz
SciStarter;CitSci
CGF_UK;OneLessBTL
CGF_UK;OneLessBTL
UFrontera;tuniverciudad
SciStarter;scicheer
JatinBPandya03;InfoGujcost
BigCzcn;theAGU
UK_CEH;UKEnvObs
UK_CEH;UKEnvObs
JepsonicPaul;wildlife_health
JepsonicPaul;wildlife_health
meinGruen;saxorum
meinGruen;saxorum
stephen_turner1;UKEnvObs
stephen_turner1;UKEnvObs
RicardoNature;spea_birdlife
RJAColombia;Aidaespanol
JoLatimore;Mich_Lakes
re_sieber;DRAWMcGill
RRITools;AlettaBonn
ProjectSimia;kirstyegraham
ArbTreeSpotters;brittney_beck
lcby;projectaware
epuujee;projectaware
CitieSHealthEU;EvaAlloza
CitieSHealthEU;EvaAlloza
DunesSefton;NaturalEngland
cleanerair;OneBreathHOU
raultoran;EvaAlloza
raultoran;EvaAlloza
lisa_borre;Mich_Lakes
physicsjackson;BoldlyGo_Inst
Marielagolzalez;tuniverciudad
ecology_tweets;LiamLy
enviro_matters;LiamLy
enviro_matters;LiamLy
barbebert;AlettaBonn
infocaribstip;Roosters_World
VolcanoWatching;raspishakEQ
VolcanoWatching;raspishakEQ
VolcanoWatching;raspishakEQ
VolcanoWatching;raspishakEQ
MottiZohar;mhaklay
spacememe;NOIRLabAstro
raspishake;raspishakEQ
raspishake;raspishakEQ
bernarchevalier;raspishakEQ
bernarchevalier;raspishakEQ
ReSisterHood2;mdc_martinus
NCStateBioSci;NCStateSciences
MeinLebenalsBot;MWNautilus
sozialpirat;MWNautilus
sozialpirat;MWNautilus
LakeChamplainSG;Mich_Lakes
LaurenceJonesES;NaturalEngland
LaurenceJonesES;NaturalEngland
mahanthanut;raspishakEQ
CastroConfi;GLSEOCantabria
CastroConfi;GLSEOCantabria
JeffOllerton;josemmontalva
JuitaMartinez;JERutter
bengtza;AlettaBonn
mddcbba3;JERutter
Cassandra7e;WEN_MONTANA
mahanthanut;raspishakEQ
ridingrobots;DoNASAScience
Carlos_riquel;UFrontera
zsi_fe;EuCitSci
zsi_fe;EuCitSci
FhsuSociology;FhsuSociology
chabis_ch;mitforschen
camartinezj;tuniverciudad
GIScienceHD;meinGruen
GIScienceHD;meinGruen
elsa_elsa_m;AlettaBonn
LGStudies;ObserveIR
aquibmsa;CJRU1280
sebastianuzrayo;UFrontera
calcofi;AWhitTwit
epuujee;AWhitTwit
lawt_d;NaturalEngland
lawt_d;NaturalEngland
Canittta;tuniverciudad
knutenator;NOIRLabAstro
SianGreen92;MammalWeb
unicatolicapy;fcyt_uc
SydneySOLES;CitSciOZ
Pirate_Queen007;LiamLy
SydneySOLES;laurawildhealth
Debbie1Alston;NaturalEngland
LASeaGrant;NOAAeducation
LASeaGrant;NOAAeducation
alexwinkrsa;UKEnvObs
alexwinkrsa;UKEnvObs
sushecker;AlettaBonn
f1mij;raspishakEQ
GAINBioblitz;GSBioblitz
SciStarter;CitSciMonth
ktecollins;dr_eleanor_gee
MlsScammell;SaraAnnWylie
NOAAClimate;NOAAeducation
NOAAClimate;NOAAeducation
LinguistSLP;CitSciMonth
urbanfrogger;ICON_Science
EuanRitchie1;ICON_Science
Off_Valpo;NOAAeducation
Off_Valpo;NOAAeducation
pac90;NOAAeducation
pac90;NOAAeducation
jetcitystar;NOAAeducation
jetcitystar;NOAAeducation
PlasmaNerd;TweetAurora
gischatbot;SpatialAce
debatinginnovat;EUCitSciProject
debatinginnovat;EUCitSciProject
debatinginnovat;EUCitSciProject
debatinginnovat;EUCitSciProject
Ottercivet;chrispydog
SciEms;ICON_Science
Aleks_Milut;CBGNoviSad
YungEnChee1;chrispydog
TeacherAtSea;NOAAeducation
TeacherAtSea;NOAAeducation
JaneDegabriel;nswenviromedia
epuujee;eyre_teresa
CAULHub;EcolSocAus
urbanfrogger;EcolSocAus
KristenMConklin;NOAAeducation
KristenMConklin;NOAAeducation
KBibbinsDomingo;UCSF_Epibiostat
CitSciWA;CHNickerson
KateLSenior;eyre_teresa
CityKat75;HumphreyJE_
BoatingJust;DolphinWatch_CB
ObserverParafox;nswenviromedia
HugePossum;HumphreyJE_
ScicommBot;HumphreyJE_
c_manders;tcdixon3
Jennfirn;KawinwitK
w_and3r88;PauMau39
CitSciOZ;GSBioblitz
ReservaThomas;Aidaespanol
leafwarbler;HSSGECC
eloycam2012;wlmb
morceglo;PauMau39
EuanRitchie1;Ottercivet
SaveMaldivesMV;MUInitiative
BaarahK;MUInitiative
WilliamFranzell;NOAAeducation
WilliamFranzell;NOAAeducation
GreatAustralia;nswdpi
rachel_marine;Woman_Scientist
adam_funama;MUInitiative
rachel_marine;FjordPhyto
AnyaAstafurova;Woman_Scientist
seo_castro;GLSEOCantabria
MakerFaireBio;lahoramaker
MakerFaireBio;lahoramaker
KanriSmart;NatureEcoEvo
IlijaMilovanov3;CBGNoviSad
DocEnhance;lennrtsty
DocEnhance;lennrtsty
baysics_portal;_Ivan_Ramirez
baysics_portal;_Ivan_Ramirez
Z_GIS1;8Summit2020
Z_GIS1;8Summit2020
Z_GIS1;8Summit2020
land4future_uk;playingout
SamKibiwott;ChdKenya
dresden_forscht;mitforschen
JepsonicPaul;wildlife_health
JepsonicPaul;wildlife_health
LifeInvasaqua;EU_Aliens
ZSLScience;wildlife_health
JolGraf1;CitSciZurich
ArsElectronica;caissarl
ArsElectronica;caissarl
jane__eden;MilukasA
jane__eden;MilukasA
EU_DataPortal;MilukasA
EU_DataPortal;MilukasA
eglbutk;mhaklay
ECamprasse;YungEnChee1
ConservationKen;ChdKenya
idiv;Anett77Richter
idiv;Anett77Richter
npr247;GRAPPAinstitute
ecology_tweets;PalmerLyric
samayanissanke;GRAPPAinstitute
samayanissanke;GRAPPAinstitute
AntheaMilnes;NaturalEngland
AntheaMilnes;NaturalEngland
pwa_zurich;kleines283
pwa_zurich;kleines283
EuanRitchie1;YungEnChee1
chabis_ch;mitforschen
saxorum;VdAKluttig
saxorum;VdAKluttig
Scivil_Flanders;CitSciZurich
formbyfirst;NaturalEngland
OpenSciTalk;open_forest
S_VoigtHeucke;CitSciZurich
S_VoigtHeucke;CitSciZurich
nature_trackers;YungEnChee1
epuujee;YungEnChee1
SonjaEisenbeiss;sprachspinat
SonjaEisenbeiss;sprachspinat
annemland;CitSciLab
IGSD_UoW;j_p_albuquerque
IGSD_UoW;j_p_albuquerque
f1mij;raspishakEQ
iamthegreenbot;c_degrees
cswitwer;FjordPhyto
_open_science_;DCUWater
PauMau39;StanimiraDeleva
aristeidoum;kleines283
aristeidoum;kleines283
aristeidoum;kleines283
lewisjacquie;scicheer
HayesEnda;playingout
HayesEnda;playingout
CitSciSE;vetenskapoallm
CitSciSE;vetenskapoallm
OhioBotany;Mich_Lakes
ShailyGandhi;CeptResearch
cleanorbits;MinnaPalmroth
cleanorbits;MinnaPalmroth
kwitch1;NOAAeducation
kwitch1;NOAAeducation
EcologyMovement;galapagossip
EU_ecoinno;MilukasA
EU_ecoinno;MilukasA
wissimdialog;mitforschen
wissimdialog;mitforschen
saxorum;mitforschen
saxorum;mitforschen
jillfnugent;aristeidoum
jillfnugent;aristeidoum
ClaireBardner;galapagossip
ClaireBardner;galapagossip
FFHistorians;transcribathon
FFHistorians;transcribathon
citsci_edu;kleines283
citsci_edu;kleines283
Collo_busuru;ChdKenya
HoustonTX;HoustonHealth
schwarbek;HoustonHealth
LEarthquakes;raspishakEQ
LEarthquakes;raspishakEQ
DogCognitionSE;FamDogProject
DogCognitionSE;FamDogProject
celienboillat;OpenFoodFacts
lostintheculde;SciStarter
CharlesNepote;OpenFoodFacts
polarlatitudes;FjordPhyto
claugobel;m_munke
orlandolopeses;FrontSociology
orlandolopeses;FrontSociology
CitSciMonth;SciStarter
epuujee;ucl_discovery
acsdchas;ELIORG
claugobel;TKaarsted
Evangel76283187;XpolliProject
scicheer;SciStarter
britishbee;XpolliProject
britishbee;XpolliProject
jillfnugent;Cetalingua
EnvSci_G_Roots;TexasESI
samanthaiam;kzeller
jared_streich;JimBradeen
littoralsociety;littoralguy
epuujee;littoralguy
saunieindiego;DiscoverMag
HigherOrbits;MsWZ
KaraVadman;Woman_Scientist
CitSciLib;kleines283
CitSciLib;kleines283
Artificialbra1n;nnlmAoU
schreiberreich;transcribathon
schreiberreich;transcribathon
manda_lambrsn;Jen_A_Smith1
HumayAG;MUInitiative
ErinBaskir;kzeller
epuujee;kzeller
C_Devarshi;GRAPPAinstitute
ZooLibrariANN;CVP_CraneValley
kidtalkscience;CitSciMonth
EMSLscience;JamesStegen
_EBCC;newebba
areyoukeddingme;kzeller
ClimateActivi12;kzeller
oh_my_my;Food4Future1
EtchACell;EM_STP
EtchACell;EM_STP
guitarfishmasum;kzeller
M_A_P_P;UPQROO
ASU_CitSci;SciStarter
ASU_CitSci;SciStarter
camiloandresAC;PauMau39
jillfnugent;SciStarter
jillfnugent;SciStarter
brittney_beck;SciStarter
brittney_beck;SciStarter
PSUPress;matthewbuhrl
UTSASciences;Jen_A_Smith1
dog_cognition;FamDogProject
SpaceGeographer;kleines283
SpaceGeographer;kleines283
SpaceGeographer;kleines283
yapoguypatrice;heidi_news
ReSisterHood2;LadyScorcher
1915mart;raspishakEQ
katzyna;kzeller
HOUmanitarian;HoustonHealth
MParticipativo;MParticipativo
HenriquesLab;EM_STP
HenriquesLab;EM_STP
MartinReich5;Food4Future1
MartinReich5;Food4Future1
1915mart;raspishakEQ
PrecaireESR;CPESR_
CPESR_;CPESR_
PrecaireESR;CPESR_
CPESR_;CPESR_
PrecaireESR;CPESR_
CPESR_;CPESR_
1915mart;raspishakEQ
Wingtags;GSBioblitz
ahmed_aa_n;projectaware
SousaPPS;ObserveIR
SousaPPS;ObserveIR
RArlinghausFish;UKEnvObs
RArlinghausFish;UKEnvObs
epuujee;UKEnvObs
charliifrogs;spotteron
FFHistorians;AlettaBonn
FFHistorians;AlettaBonn
masterpsysc;BelenaVeleta
NiCHE_Canada;DRAWMcGill
svet_kl;EuCitSci
svet_kl;EuCitSci
Ecology_plant_;GLOBEProgram
BirderKellyK;terngirl
BirderKellyK;terngirl
wildlifeblogs;KateConsrvation
ablmab1313;SSA_Mark
ablmab1313;SSA_Mark
EdPiotrowski;SSA_Mark
EdPiotrowski;SSA_Mark
sciencecat222;NOAAeducation
sciencecat222;NOAAeducation
DaphneBormann;UFrontera
BeOpenSerbia;CBGNoviSad
NOAASatellites;NOAAeducation
NOAASatellites;NOAAeducation
pakovgt63;NOAAeducation
pakovgt63;NOAAeducation
hannesjkoenig;AlettaBonn
hannesjkoenig;AlettaBonn
bu_urban;SaraAnnWylie
EvoMRI;AlettaBonn
SFTTBos;SaraAnnWylie
agilekultur;mitforschen
pablo01martinez;UFrontera
WyoBio;AudubonRockies
ftsaez;BelenaVeleta
ftsaez;BelenaVeleta
cultureyyc;tcdixon3
BreatheProject;JackieJCreedon
Wild_Ontario;lizdporter
envhistwomen;SaraAnnWylie
what_is_grace;SaraAnnWylie
DoNASAScience;TweetAurora
DrEddiesClass;brittney_beck
teamswiftparrot;Ottercivet
CatMYoung;Ottercivet
LightHeaI;tcdixon3
epuujee;EcolSocAus
forskom;PenguinGalaxy
forskom;PenguinGalaxy
NSW_EPA;nswenviromedia
KegleyEthics;brittney_beck
gtrubl;JamesStegen
AarontheEcolog;EcolSocAus
EtFlore;MadarIIIFrance
BookendTrust;Ottercivet
JoseCarlosBMota;BelenaVeleta
JoseCarlosBMota;BelenaVeleta
MozzeriansATW;raspishakEQ
LPHIorg;UCSF_Epibiostat
paolompp;PauMau39
feralartist;nswenviromedia
BrookeWeigel;LivingSnowProj
Vincent_Ledvina;TweetAurora
LeeTheEcologist;KawinwitK
StevenDAllison;AnnikaHjelmstad
epuujee;AnnikaHjelmstad
Ottercivet;EcolSocAus
pablo01martinez;tuniverciudad
SeismicFox1;raspishakEQ
HumphreyJE_;EhlanaGDavidson
josuevizhnay_;PauMau39
scicheer;CHNickerson
tiniskwerl;NOAAeducation
tiniskwerl;NOAAeducation
Jennfirn;EcolSocAus
claudia18952544;AvesArgentinas
Exp9oints;HumphreyJE_
SciStarter;scicheer
education_24x7;OpenAIRE_eu
education_24x7;OpenAIRE_eu
FjordPhyto;Woman_Scientist
jillfnugent;scicheer
SDurbanist;KimberlyWaite8
jillfnugent;EcolSocAus
shellymoore_ca;SherryLippiatt
charliifrogs;PauMau39
Margari16286812;BelenaVeleta
jillfnugent;EcolSocAus
ContraApostasia;raspishakEQ
Yangochiroptera;PauMau39
Marinamorphosis;FjordPhyto
lifeartemis_si;EU_Aliens
lifeartemis_si;EU_Aliens
HardikRMakwana;NisargCSC
HardikRMakwana;InfoGujcost
Kat4Obama;GeorgiaAudubon
jpandong;alanstenhouse
NOTICIASCHILEN;raspishakEQ
mahanthanut;raspishakEQ
FelipeGlezSEO;GLSEOCantabria
MarkPiesing;EFMDNews
MarkPiesing;EFMDNews
RobertLepenies;kleines283
RobertLepenies;kleines283
RobertLepenies;kleines283
education_24x7;Ottercivet
education_24x7;Ottercivet
KiiruWinnie;ChdKenya
LifewatchBE;Biodiversity_be
LifewatchBE;Biodiversity_be
WrightEnvlaw;nswenviromedia
VegaBierzo;lahoramaker
VegaBierzo;lahoramaker
RFECaza;Mutuasport
RFECaza;Mutuasport
CitSciOZ;climate_history
gallardogil82;Mutuasport
gallardogil82;Mutuasport
EuanRitchie1;KawinwitK
IDEESpain;MilukasA
IDEESpain;MilukasA
IDEESpain;MilukasA
OpenSciTalk;BANOS_CSA
CoolSussex;hastings_museum
CoolSussex;hastings_museum
OnMerrit;bschmid1
TrudaOceans;Global_Garden0
_CitizenScience;kleines283
_CitizenScience;kleines283
_CitizenScience;kleines283
SaraAlvera;NiusDiario
f_artemisan;Mutuasport
f_artemisan;Mutuasport
DrCecilyMaller;Global_Garden0
simonhodson99;UNCTADstat
simonhodson99;UNCTADstat
EuCitSci;CitSciLab
GiullianaAppel;PauMau39
Gracy_ldn;CPH_QUB
DataOz;xavierlasauca
OpenSciTalk;xavierlasauca
epuujee;j_p_albuquerque
SinaBold;AlettaBonn
SinaBold;AlettaBonn
txescu;xavierlasauca
txescu;xavierlasauca
stevedudley_;IBIS_journal
ChdKenya;Kang4Nature
CoopSciScoop;jillfnugent
GFBio_Project;AlettaBonn
GFBio_Project;AlettaBonn
CHNickerson;scicheer
OpenSciTalk;DCUWater
OpenSciTalk;vetenskapoallm
epuujee;PalmerLyric
Mutuasport;RFECaza
Mutuasport;RFECaza
Bombacci2;RFECaza
andrea_sommese;FamDogProject
andrea_sommese;FamDogProject
linda54886753;raspishakEQ
hegarty_susan;DCUWater
ThomasSternDD;m_munke
ThomasSternDD;m_munke
SNAbejorro;josemmontalva
mittenmank;Foldit
mittenmank;Foldit
kleines283;aristeidoum
kleines283;aristeidoum
kleines283;aristeidoum
fleming77;DiscoverMag
fleming77;DiscoverMag
DNERR;NOAAeducation
DNERR;NOAAeducation
science_hitch;aristeidoum
science_hitch;aristeidoum
tmmmarshall;SciStarter
epuujee;XpolliProject
deathdater;XpolliProject
claugobel;kleines283
claugobel;kleines283
Anett77Richter;transcribathon
AleCastro_C;raspishakEQ
ScotPollinators;XpolliProject
ScotPollinators;XpolliProject
ScientificActiv;ICRIcolombia
griffin_ghia;LadyScorcher
alemumacias;uniovi_info
alemumacias;uniovi_info
phenologists;SciWriFryGuy
SciStarter;DiscoverMag
Seagrass_WSA;MUInitiative
jillfnugent;DiscoverMag
mstewartscience;DiscoverMag
mhaklay;kleines283
mhaklay;kleines283
mhaklay;kleines283
jillfnugent;SciStarter
xrisfg;kzeller
BigGirlPlants;kzeller
AndrewSalisbur2;XpolliProject
AndrewSalisbur2;XpolliProject
ConBioGreg;kzeller
sectie_thijsse;XpolliProject
sectie_thijsse;XpolliProject
Sci4allVienna;CSAustria
Sci4allVienna;CSAustria
Jose_A_Sanabria;INBIOMAR_
Jose_A_Sanabria;INBIOMAR_
amorales1974;UPQROO
n_a_gilbert;kzeller
36Astronomia;SETIInstitute
36Astronomia;SETIInstitute
scicheer;aristeidoum
scicheer;aristeidoum
CoopSciScoop;aristeidoum
CoopSciScoop;aristeidoum
sciBot6;randw
OpenSciTalk;randw
BookendTrust;Ottercivet
ornitologia_eus;newebba
ornitologia_eus;newebba
Seiurus;Jen_A_Smith1
nasahackspace;SpaceRef
_open_science_;randw
ginniasa2020;AUR_cl
ginniasa2020;UFrontera
martynsteiner;RSPB_Learning
martynsteiner;RSPB_Learning
martynsteiner;RSPB_Learning
spacecasper;DoNASAScience
KjParton;EcclestonThalia
KjParton;EcclestonThalia
SharkEntangle;EcclestonThalia
SharkEntangle;EcclestonThalia
TheCanDoChild;RSPB_Learning
TheCanDoChild;RSPB_Learning
TheCanDoChild;RSPB_Learning
kanjecisel;raspishakEQ
jillfnugent;Jen_A_Smith1
MorcarsHill;DiscoverMag
tylerdell6;DiscoverMag
RoyauteBretonne;DiscoverMag
RoyauteBretonne;DiscoverMag
Maxime_Grandin;MinnaPalmroth
Maxime_Grandin;MinnaPalmroth
ClubAnforaMl;INBIOMAR_
ClubAnforaMl;INBIOMAR_
N8ureNate;sknowledgeco
CatzimElizur;UPQROO
jjlusk_PhD;kzeller
younglandis;kzeller
Cowpernicus;iste
faunario;AulaAbiertaVE
mtma1968;AulaAbiertaVE
ReArtistron;NOAAeducation
ReArtistron;NOAAeducation
JBR_Kleinmann;iste
techclassrocks;iste
UFrontera;uestatales
sarameghanbeery;kzeller
emdupre_;akeshavan_
smpaine;Kwiaht
bacaronIU;richiehalford
PSPartnership;Kwiaht
ZiadBakouny;AedinCulhane
phyzang;richiehalford
PrettyPolistes;kzeller
dmoracze;richiehalford
ErinWDickie;akeshavan_
kchandra58;kzeller
saltzyy;kzeller
wisebeck;zdLski
AnaQues45280021;raspishakEQ
AnaQues45280021;raspishakEQ
ecocrealab;bvwebrs
ecocrealab;bvwebrs
SBartke;Anett77Richter
kdpsinghlab;samuelmehr
mahanthanut;ledaSB
kirstie_j;richiehalford
kirstie_j;richiehalford
batecrius;Ruben_Ladrera
batecrius;Ruben_Ladrera
Tonerubi;OpenFoodFacts
Tonerubi;OpenFoodFacts
LevitisLiza;richiehalford
Yakamashiwa;josemmontalva
SpeciesOnTheMov;hhillebr1
LazzariNatali;INBIOMAR_
Dr_MTaylor;kzeller
Dr_MTaylor;kzeller
epuujee;kzeller
SpeciesOnTheMov;RachelKelly___
Jess_E_Reynolds;richiehalford
1HommeAzerty;josemmontalva
deustoNeuroLab;richiehalford
deustoNeuroLab;richiehalford
chabis_ch;AGU_SciComm
Benavent;OpenFoodFacts
Benavent;OpenFoodFacts
FFHistorians;meinGruen
FFHistorians;meinGruen
FFHistorians;dresden_forscht
FFHistorians;dresden_forscht
LibITC;DesignLabUT
LibITC;DesignLabUT
deniseshrivell;BobBrownFndn
LuvsParraEels;BobBrownFndn
SculptorGuy;BobBrownFndn
u_hardy;BobBrownFndn
jimprall;La_U_Re_N
AGU_OS;theAGU
Spinkybird;newebba
f_artemisan;RFECaza
f_artemisan;RFECaza
NinaOndine;BobBrownFndn
NOCmarinePhys;NOCnews
MatsGrahn;newebba
MatsGrahn;newebba
IndiaSTS;IndiaScienceTV
IndiaSTS;IndiaSTS
narngaloo;BobBrownFndn
KORINAUfU;GfoeSoc
GfoeSoc;AlettaBonn
GfoeSoc;AlettaBonn
inquisitorrex;BobBrownFndn
sazanares;zalf_leibniz
kmiou;Cos4Cloud
kmiou;Cos4Cloud
HABhaley;kzeller
CitSciLab;annemland
CitSciLab;annemland
sazanares;mitforschen
NWS;NOAAeducation
NWS;NOAAeducation
zoogandwoo;BobBrownFndn
jnharkeraus;BobBrownFndn
ZoniOlsen;NOAAeducation
ZoniOlsen;NOAAeducation
ZoniOlsen;NOAAeducation
dKAYsDays;NOAAeducation
dKAYsDays;NOAAeducation
Hurricane_Feeds;NOAAeducation
Hurricane_Feeds;NOAAeducation
WatchWx;NOAAeducation
WatchWx;NOAAeducation
jlovell;Ottercivet
ripcurled1;GLOBEProgram
gteasts;BobBrownFndn
KlausRiede;BirdLife_Policy
IngeniousChi;CrowdWeek
bsaenen;lennrtsty
bsaenen;lennrtsty
bsaenen;lennrtsty
danielsp;lennrtsty
danielsp;lennrtsty
danielsp;lennrtsty
euatweets;lennrtsty
euatweets;lennrtsty
AdmisionUfro;UFrontera
SpaceArtAl;NOAAeducation
SpaceArtAl;NOAAeducation
DataOz;lennrtsty
DataOz;lennrtsty
NWSBoulder;NOAAeducation
NWSBoulder;NOAAeducation
CallMeSandraDee;NOAAeducation
CallMeSandraDee;NOAAeducation
LordeJD;into_AI
Anett77Richter;pwa_zurich
bengilchrist;DBHayhow
bengilchrist;DBHayhow
EAAPaM;heidiColleran
greenecoherald;NOAAeducation
greenecoherald;NOAAeducation
llThingsCitizen;InspiringNsw
MedeirosLab;SKK_Anthophila
larrainelage;kzeller
OneRealJGD;RichardHerson
NightOwlAnna;kzeller
NightOwlAnna;kzeller
homoneandertal;heidiColleran
homoneandertal;heidiColleran
geomarvel;ArcNewsMagazine
vrcasay;huethuet
madawhalesharks;oceaninnovators
AndyWGettysburg;matthewbuhrl
lesbianlich;oceaninnovators
jane__eden;oceaninnovators
UFrontera;AUR_cl
agrarsysteme;Food4Future1
agrarsysteme;Food4Future1
LancesCanalSur;RFECaza
LancesCanalSur;RFECaza
nehagsavant;MikeTreglia
outdoor_ed;sknowledgeco
WorklifeInstitu;HoustonHealth
natalie__moser;Food4Future1
natalie__moser;Food4Future1
hppBonn;GRAPPAinstitute
hppBonn;GRAPPAinstitute
RorroCarrillo;UFrontera
cumulunimbus;GLOBEProgram
HadiEOind;GLOBEProgram
HadiEOind;GLOBEProgram
WhaleSharkRocky;oceaninnovators
NTynesideEY;RSPB_Learning
NTynesideEY;RSPB_Learning
L_Fallou;kleines283
L_Fallou;kleines283
kld12;iste
fossilphilip;hastings_museum
fossilphilip;hastings_museum
beermillcottage;MammalWeb
LetsTalkGujarat;directornilesh
abepizarro;UFrontera
IlianaKaripidis;richiehalford
doorstomanual;OpenFoodFacts
dscape;akeshavan_
dscape;akeshavan_
epuujee;akeshavan_
RorroCarrillo;UFrontera
epuujee;zdLski
kizu91;raspishakEQ
keshjordan;akeshavan_
specklight;DiscoverMag
johnSNOWMTAINER;c_degrees
AnaQues45280021;raspishakEQ
EnergyreferralX;c_degrees
PlantEvoDevo;krushnamegh
ca_pfister;HomewoodScience
AnaQues45280021;raspishakEQ
rodica_stanescu;kleines283
rodica_stanescu;kleines283
RoselyneChauvin;akeshavan_
bigx1;DiscoverMag
braynimaginglab;richiehalford
profesor_seldon;ledaSB
imagine_garden;c_degrees
sebyosiere;kzeller
aohasley;kzeller
VectorCollector;kzeller
tobee_js;kzeller
BlondeBondGrrl;ChallengeGov
KirstanBrodie;samuelmehr
H_Eisenbarth;samuelmehr
yongki_;raspishakEQ
AnaQues45280021;raspishakEQ
deepseadawn;theAGU
AGUGlobalChange;theAGU
llazzelle;EliciaLigon
BabyBoomerWritr;Coral_Watch
BZgeo;theAGU
geographile;theAGU
RRHH_UFRO;UFrontera
Alpha153783522;AstronomyMag
tigereels;oceaninnovators
VolcanoDoc;theAGU
GeoSpaceLatinx;theAGU
mahanthanut;raspishakEQ
angelatamtweets;akeshavan_
mayday_ai;raspishakEQ
ChicagoMikeSD;raspishakEQ
kleines283;FrontSociology
kleines283;FrontSociology
kleines283;FrontSociology
saxorum;meinGruen
saxorum;meinGruen
temptoetiam;josemmontalva
GermanTwitchRT;LukasHielscher
epuujee;SophieAmandaH
AannuuppK;CeptResearch
zeroprospects;josemmontalva
mschreiner8;Food4Future1
mschreiner8;Food4Future1
videogamingbot;LukasHielscher
sarahhegartyyy;ORCireland
sarahhegartyyy;ORCireland
anotherSarahR;Ottercivet
AnaQues45280021;raspishakEQ
AnaQues45280021;raspishakEQ
EmilyCoren;kmftimm
HenriVerdier;OpenFoodFacts
HenriVerdier;OpenFoodFacts
AmbNum;OpenFoodFacts
Scivil_Flanders;WeObserveEU
martinjones78;EM_STP
HeathHands;FSCBioLinks
HeathHands;FSCBioLinks
johnsalmond;BobBrownFndn
aaroncckoay;FrontPharmacol
aaroncckoay;FrontPharmacol
BobBrownFndn;BobBrownFndn
Alice_R_Jones;NOCnews
Leipzig_forscht;dresden_forscht
GreenKoalaJill;BobBrownFndn
Lynmaree56;BobBrownFndn
mac_bron;BobBrownFndn
GfoeSoc;EnvCit
GfoeSoc;EnvCit
FWOVlaanderen;Scivil_Flanders
FWOVlaanderen;Scivil_Flanders
NERCscience;NOCnews
NERCscience;NOCnews
jesiathe;yaelago1
bodc;NOCnews
sValentinePhoto;ChdKenya
jeb_140;dresden_forscht
MaasBea;GfoeSoc
sazanares;mitforschen
MaasBea;EnvCit
ecologycaroline;kzeller
ecologycaroline;kzeller
bkieslinger;CSAustria
AlettaBonn;BBE_Info
AlettaBonn;BBE_Info
cs_sdg2020;GfoeSoc
cs_sdg2020;GfoeSoc
OeAD_worldwide;_CitizenScience
OeAD_worldwide;_CitizenScience
BirdLife_News;BirdLife_Policy
BirdLife_News;BirdLife_Policy
kmiou;Cos4Cloud
kmiou;Cos4Cloud
EnvCit;GfoeSoc
JenniferBaron7;EcoInquiry
JenniferBaron7;EcoInquiry
RespiratorGamer;NOAAeducation
RespiratorGamer;NOAAeducation
MEDIN_marine;NOCnews
MEDIN_marine;NOCnews
CharrClarke;NOCnews
CharrClarke;NOCnews
SPFDigiEnv;NOCnews
PaolaLeporiEU;AllAtlanticO
PaolaLeporiEU;AllAtlanticO
PaolaLeporiEU;AllAtlanticO
mommapeggster;NOAAeducation
mommapeggster;NOAAeducation
theclickitclick;c_malinka
theclickitclick;c_malinka
sosbiodiversite;ARB_IDF
Rob_O_Malley;AGUSciPolicy
epuujee;c_malinka
BonnConvention;BirdLife_Policy
BonnConvention;BirdLife_Policy
superprobably;kzeller
BuchGunjan;vncindia
AeroSciengineer;theAGU
RoliRolihlahla;CSAustria
RoliRolihlahla;CSAustria
lilliamom311;NOAAeducation
lilliamom311;NOAAeducation
